,,,,,,,,,,,,,,,,
CODIGO,DISTRITO,DEPARTAMENTO,MUNICIPIO,ESTABLECIMIENTO,DIRECCION,TELEFONO,SUPERVISOR,DIRECTOR,NIVEL,SECTOR,AREA,STATUS,MODALIDAD,JORNADA,PLAN,DEPARTAMENTAL
02-01-0027-46,02-014,EL PROGRESO,GUASTATOYA,INSTITUTO TECNICO INDUSTRIAL MIXTO GUASTATOYA,BARRIO EL CALVARIO,79450881,JAIME RODOLFO CRUZ CASTILLO,,DIVERSIFICADO,OFICIAL,URBANA,ABIERTA,MONOLINGUE,DOBLE,DIARIO(REGULAR),EL PROGRESO
02-01-0028-46,02-015,EL PROGRESO,GUASTATOYA,COLEGIO DE CIENCIAS COMERCIALES EL PROGRESO,BARRIO EL PORVENIR,79451265,MYNOR FRANCISCO GARCIA,DANIEL LOPEZ SOLIS,DIVERSIFICADO,PRIVADO,URBANA,ABIERTA,MONOLINGUE,MATUTINA,DIARIO(REGULAR),EL PROGRESO
02-01-0031-46,02-015,EL PROGRESO,GUASTATOYA,INSTITUTO NACIONAL DE EDUCACION DIVERSIFICADA,BARRIO EL PORVENIR,,MYNOR FRANCISCO GARCIA,---,DIVERSIFICADO,OFICIAL,URBANA,ABIERTA,MONOLINGUE,VESPERTINA,DIARIO(REGULAR),EL PROGRESO
02-01-0038-46,02-015,EL PROGRESO,GUASTATOYA,INSTITUTO DE EDUCACION MEDIA POR MADUREZ,"COLONIA NUEVA VIDA, BARRIO EL PORVENIR",7945177,MYNOR FRANCISCO GARCIA,MARCO AURELIO MAZARIEGOS,DIVERSIFICADO,PRIVADO,URBANA,ABIERTA,MONOLINGUE,DOBLE,FIN DE SEMANA,EL PROGRESO
02-01-0044-46,02-004,EL PROGRESO,GUASTATOYA,INSTITUTO OFICIAL DE EDUCACION BASICA Y BACHILLERATO POR MADUREZ CAMINO DEL SABER,BARRIO LAS JOYAS,56962830,GUELCER AMADO FLORES GUEVARA,MARIA ELENA LEMUS MURALLES DE AREVALO,DIVERSIFICADO,OFICIAL,URBANA,CERRADA TEMPORALMENTE,MONOLINGUE,VESPERTINA,DIARIO(REGULAR),EL PROGRESO
02-01-0045-46,02-015,EL PROGRESO,GUASTATOYA,INSTITUTO DE EDUCACI?N MEDIA POR MADUREZ,BARRIO EL PORVENIR,56719955,MYNOR FRANCISCO GARCIA,ENNER DAMASO HERNANDEZ GARRIDO,DIVERSIFICADO,PRIVADO,URBANA,ABIERTA,MONOLINGUE,DOBLE,FIN DE SEMANA,EL PROGRESO
02-01-0046-46,02-015,EL PROGRESO,GUASTATOYA,COLEGIO DE APLICACIONES INTEGRADAS GUASTATOYA,BARRIO EL PORVENIR,79450840,MYNOR FRANCISCO GARCIA,BRENDA VALIENTE,DIVERSIFICADO,PRIVADO,URBANA,CERRADA TEMPORALMENTE,MONOLINGUE,DOBLE,SABATINO,EL PROGRESO
02-01-0049-46,02-021,EL PROGRESO,GUASTATOYA,CEEX MUNICIPALIDAD GUASTATOYA,ALDEA SANTA RITA,41398634,MARTA ELIDA CARIAS HERNANDEZ DE GARCIA,MARVIN RAMOS ORELLANA,DIVERSIFICADO,MUNICIPAL,RURAL,ABIERTA,MONOLINGUE,DOBLE,FIN DE SEMANA,EL PROGRESO
02-01-0054-46,02-015,EL PROGRESO,GUASTATOYA,COLEGIO EVANGELICO TORRE FUERTE,"COLONIA HICHOS, BARRIO EL PORVENIR",79451993,MYNOR FRANCISCO GARCIA,LILIAN IZAGUIRRE,DIVERSIFICADO,PRIVADO,URBANA,CERRADA TEMPORALMENTE,MONOLINGUE,VESPERTINA,DIARIO(REGULAR),EL PROGRESO
02-01-0057-46,02-015,EL PROGRESO,GUASTATOYA,COLEGIO HIGA,COLONIA HICHOS,42876685,MYNOR FRANCISCO GARCIA,ERIKA OLIVA,DIVERSIFICADO,PRIVADO,URBANA,ABIERTA,MONOLINGUE,VESPERTINA,DIARIO(REGULAR),EL PROGRESO
02-01-0058-46,02-015,EL PROGRESO,GUASTATOYA,COLEGIO HIGA,COLONIA HICHOS,52942479,MYNOR FRANCISCO GARCIA,ERIKA OLIVA,DIVERSIFICADO,PRIVADO,URBANA,ABIERTA,MONOLINGUE,DOBLE,FIN DE SEMANA,EL PROGRESO
02-01-0059-46,02-015,EL PROGRESO,GUASTATOYA,COLEGIO HIGA,COLONIA HIGA,52942795,MYNOR FRANCISCO GARCIA,ERIKA OLIVA,DIVERSIFICADO,PRIVADO,URBANA,ABIERTA,MONOLINGUE,DOBLE,FIN DE SEMANA,EL PROGRESO
02-01-0252-46,02-015,EL PROGRESO,GUASTATOYA,COLEGIO DE CIENCIAS COMERCIALES EL PROGRESO,BARRIO EL PORVENIR,79451265,MYNOR FRANCISCO GARCIA,,DIVERSIFICADO,PRIVADO,URBANA,ABIERTA,MONOLINGUE,MATUTINA,DIARIO(REGULAR),EL PROGRESO
02-01-0257-46,02-010,EL PROGRESO,GUASTATOYA,CENTRO EDUCATIVO GUAYACAN,BARRIO EL CALVARIO,79451749,MIRNA YANETT FERRERA CASTILLO,,DIVERSIFICADO,PRIVADO,URBANA,CERRADA TEMPORALMENTE,MONOLINGUE,VESPERTINA,DIARIO(REGULAR),EL PROGRESO
02-01-0559-46,02-015,EL PROGRESO,GUASTATOYA,COLEGIO CATOLICO PARTICULAR MIXTO PADRE GABRIEL PE•ATE RODRIGUEZ,BARRIO EL CALVARIO,79451749,MYNOR FRANCISCO GARCIA,EDELMIRA ORTIZ PEREZ,DIVERSIFICADO,PRIVADO,URBANA,CERRADA TEMPORALMENTE,MONOLINGUE,VESPERTINA,DIARIO(REGULAR),EL PROGRESO
02-01-0561-46,02-015,EL PROGRESO,GUASTATOYA,COLEGIO CATOLICO PARTICULAR MIXTO PADRE GABRIEL PE•ATE RODRIGUEZ,BARRIO EL CALVARIO,79451749,MYNOR FRANCISCO GARCIA,EDELMIRA ORTIZ PEREZ,DIVERSIFICADO,PRIVADO,URBANA,CERRADA TEMPORALMENTE,MONOLINGUE,DOBLE,FIN DE SEMANA,EL PROGRESO
02-01-0562-46,02-015,EL PROGRESO,GUASTATOYA,COLEGIO DE APLICACIONES INTEGRADAS GUASTATOYA,BARRIO EL PORVENIR,79450840,MYNOR FRANCISCO GARCIA,BRENDA AZUCENA VALIENTE ARREAGA,DIVERSIFICADO,PRIVADO,URBANA,ABIERTA,MONOLINGUE,MATUTINA,DIARIO(REGULAR),EL PROGRESO
02-01-0563-46,02-015,EL PROGRESO,GUASTATOYA,COLEGIO DE APLICACIONES INTEGRADAS GUASTATOYA,BARRIO EL PORVENIR,79450840,MYNOR FRANCISCO GARCIA,BRENDA AZUCENA VALIENTE ARREAGA,DIVERSIFICADO,PRIVADO,URBANA,CERRADA TEMPORALMENTE,MONOLINGUE,VESPERTINA,DIARIO(REGULAR),EL PROGRESO
02-01-0607-46,02-014,EL PROGRESO,GUASTATOYA,INSTITUTO DIVERSIFICADO POR COOPERATIVA,BARRIO EL PORVENIR,79452363,JAIME RODOLFO CRUZ CASTILLO,,DIVERSIFICADO,COOPERATIVA,URBANA,ABIERTA,MONOLINGUE,VESPERTINA,DIARIO(REGULAR),EL PROGRESO
02-01-0665-46,02-014,EL PROGRESO,GUASTATOYA,ESCUELA NORMAL DE EDUCACION FISICA,BARRIO EL PORVENIR,79451457,JAIME RODOLFO CRUZ CASTILLO,,DIVERSIFICADO,OFICIAL,URBANA,ABIERTA,MONOLINGUE,DOBLE,DIARIO(REGULAR),EL PROGRESO
02-01-0704-46,02-014,EL PROGRESO,GUASTATOYA,ESCUELA NORMAL INTERCULTURAL,BARRIO LAS JOYAS,79452399,JAIME RODOLFO CRUZ CASTILLO,,DIVERSIFICADO,OFICIAL,URBANA,ABIERTA,MONOLINGUE,DOBLE,DIARIO(REGULAR),EL PROGRESO
02-02-0004-46,02-002,EL PROGRESO,MORAZAN,INSTITUTO NACIONAL DE EDUCACION DIVERSIFICADA MORAZAN,BARRIO LAS DELICIAS,,SILVIA CONSUELO GAMARRO HERRERA DE JUAREZ,---,DIVERSIFICADO,OFICIAL,URBANA,ABIERTA,MONOLINGUE,MATUTINA,DIARIO(REGULAR),EL PROGRESO
02-02-0005-46,02-004,EL PROGRESO,MORAZAN,"INSTITUTO NACIONAL DE EDUCACION DIVERSIFICADO ""MORAZAN""",ALDEA TIERRA BLANCA,,GUELCER AMADO FLORES GUEVARA,CLAUDIA NINETH ALVAREZ VASQUEZ,DIVERSIFICADO,OFICIAL,RURAL,CERRADA TEMPORALMENTE,MONOLINGUE,VESPERTINA,DIARIO(REGULAR),EL PROGRESO
02-02-0013-46,02-003,EL PROGRESO,MORAZAN,"COLEGIO EVANGêLICO DE CONOCIMIENTOS INTEGRADOS ""MORAZ?N""",COLONIA EL POTRERITO,46177312,MARVIN DANIEL PINEDA VELA,KIMBERLY ONEYDA MONTENEGRO GIRON,DIVERSIFICADO,PRIVADO,URBANA,ABIERTA,MONOLINGUE,VESPERTINA,DIARIO(REGULAR),EL PROGRESO
02-02-0014-46,02-002,EL PROGRESO,MORAZAN,INSTITUTO DIVERSIFICADO POR COOPERATIVA,BARRIO LAS DELICIAS,79247700,SILVIA CONSUELO GAMARRO HERRERA DE JUAREZ,ISRAEL ROJAS ORDO•EZ,DIVERSIFICADO,COOPERATIVA,URBANA,ABIERTA,MONOLINGUE,VESPERTINA,DIARIO(REGULAR),EL PROGRESO
02-02-0613-46,02-002,EL PROGRESO,MORAZAN,INSTITUTO DIVERSIFICADO POR COOPERATIVA,BARRIO LAS DELICIAS,79247700,SILVIA CONSUELO GAMARRO HERRERA DE JUAREZ,,DIVERSIFICADO,COOPERATIVA,URBANA,ABIERTA,MONOLINGUE,VESPERTINA,DIARIO(REGULAR),EL PROGRESO
02-03-0002-46,02-013,EL PROGRESO,SAN AGUSTIN ACASAGUASTLAN,"COLEGIO ""CENTRO DE FORMACION PROFESIONAL PREU-UNIVERSITARIA DEL CICLO DIVERSIFICADO""",BARRIO EL CENTRO,79288698,LILIAN SUSANA GODINEZ CASTRO,HECTOR FRANCISCO DE LEON MURALLES,DIVERSIFICADO,PRIVADO,RURAL,ABIERTA,MONOLINGUE,VESPERTINA,DIARIO(REGULAR),EL PROGRESO
02-03-0003-46,02-013,EL PROGRESO,SAN AGUSTIN ACASAGUASTLAN,"COLEGIO ""CENTRO DE FORMACION PROFESIONAL PRE-UNIVERSITARIA DEL CICLO DIVERSIFICADO""",BARRIO EL CENTRO,59787086,LILIAN SUSANA GODINEZ CASTRO,HECTOR FRANCISCO DE LEON MURALLES,DIVERSIFICADO,PRIVADO,RURAL,ABIERTA,MONOLINGUE,MATUTINA,DIARIO(REGULAR),EL PROGRESO
02-03-0004-46,02-013,EL PROGRESO,SAN AGUSTIN ACASAGUASTLAN,"COLEGIO ""CENTRO DE FORMACION PROFESIONAL PRE-UNIVERSITARIA DEL CICLO DIVERSIFICADO""",BARRIO EL CENTRO,56389671,LILIAN SUSANA GODINEZ CASTRO,HECTOR FRANCISCO DE LEON MURALLES,DIVERSIFICADO,PRIVADO,RURAL,ABIERTA,MONOLINGUE,DOBLE,FIN DE SEMANA,EL PROGRESO
02-03-0021-46,02-013,EL PROGRESO,SAN AGUSTIN ACASAGUASTLAN,INSTITUTO NACIONAL DE EDUCACION DIVERSIFICADA,BARRIO AGUA HIEL,43882885,LILIAN SUSANA GODINEZ CASTRO,MARIBEL GERANDINA LIMA PORRAS,DIVERSIFICADO,OFICIAL,URBANA,ABIERTA,MONOLINGUE,MATUTINA,DIARIO(REGULAR),EL PROGRESO
02-03-0022-46,02-013,EL PROGRESO,SAN AGUSTIN ACASAGUASTLAN,INSTITUTO NACIONAL DE EDUCACION DIVERSIFICADA,ALDEA EL RANCHO,,LILIAN SUSANA GODINEZ CASTRO,"GODINEZ CASTRO, DINORA",DIVERSIFICADO,OFICIAL,RURAL,ABIERTA,MONOLINGUE,VESPERTINA,DIARIO(REGULAR),EL PROGRESO
02-03-0023-46,02-,EL PROGRESO,SAN AGUSTIN ACASAGUASTLAN,INSTITUTO NACIONAL DE EDUCACION DIVERSIFICADA,ALDEA PUERTA DE GOLPE,,JORGE MARIO CHINCHILLA JACINTO,---,DIVERSIFICADO,OFICIAL,RURAL,CERRADA TEMPORALMENTE,MONOLINGUE,VESPERTINA,DIARIO(REGULAR),EL PROGRESO
02-03-0050-46,02-013,EL PROGRESO,SAN AGUSTIN ACASAGUASTLAN,CENTRO EDUCATIVO PRIVADO MIXTO ACAZAU-AZTLAN,BARRIO GUAYTAN,56930589,LILIAN SUSANA GODINEZ CASTRO,WALTER RODICK VASQUEZ GARCIA,DIVERSIFICADO,PRIVADO,URBANA,ABIERTA,MONOLINGUE,DOBLE,FIN DE SEMANA,EL PROGRESO
02-03-0052-46,02-013,EL PROGRESO,SAN AGUSTIN ACASAGUASTLAN,CENTRO EDUCATIVO PRIVADO MIXTO ACAZAU-AZTLAN,BARRIO GUAYTAN,44807367,LILIAN SUSANA GODINEZ CASTRO,WALTER RODICK VASQUEZ GARCIA,DIVERSIFICADO,PRIVADO,URBANA,ABIERTA,MONOLINGUE,DOBLE,FIN DE SEMANA,EL PROGRESO
02-03-0054-46,02-013,EL PROGRESO,SAN AGUSTIN ACASAGUASTLAN,COLEGIO PRIVADO MIXTO DE EDUCACION BASICA SAN AGUSTIN ACASAGUASTLAN -COMEBSA-,BARRIO GUAYTAN,31511521,LILIAN SUSANA GODINEZ CASTRO,EDGAR RAUL SANCHEZ MORALES,DIVERSIFICADO,PRIVADO,URBANA,ABIERTA,MONOLINGUE,DOBLE,FIN DE SEMANA,EL PROGRESO
02-03-0055-46,02-013,EL PROGRESO,SAN AGUSTIN ACASAGUASTLAN,"COLEGIO ""CENTRO DE FORMACION PROFESIONAL PRE-UNIVERSITARIA DEL CICLO DIVERSIFICADO""",ALDEA EL RANCHO,56389671,LILIAN SUSANA GODINEZ CASTRO,HECTOR FRANCISCO DE LEON MURALLES,DIVERSIFICADO,PRIVADO,RURAL,ABIERTA,MONOLINGUE,DOBLE,FIN DE SEMANA,EL PROGRESO
02-03-0102-46,,EL PROGRESO,SAN AGUSTIN ACASAGUASTLAN,'LICEO SAN JOSE',BARRIO EL CENTRO ALDEA EL RANCHO,,,,DIVERSIFICADO,PRIVADO,RURAL,TEMPORAL TITULOS,MONOLINGUE,VESPERTINA,DIARIO(REGULAR),EL PROGRESO
02-03-0107-46,02-013,EL PROGRESO,SAN AGUSTIN ACASAGUASTLAN,"ESCUELA TêCNICA PROFESIONAL ""MOISêS LIRA SERAFIN""","CASERIO LAS CHAMPAS, ALDEA SANTA GERTRUDIS",47700271,LILIAN SUSANA GODINEZ CASTRO,MILVIA ROXANA OSORIO GONZALEZ,DIVERSIFICADO,PRIVADO,RURAL,ABIERTA,MONOLINGUE,MATUTINA,DIARIO(REGULAR),EL PROGRESO
02-03-0108-46,02-005,EL PROGRESO,SAN AGUSTIN ACASAGUASTLAN,INSTITUTO PRIVADO DE EDUCACI?N DIVERSIFICADA,ALDEA EL MORRO,44827393,DARVIN LESSER FLORES MORALES,BYRON SAMUEL TABIQUE MEJIA,DIVERSIFICADO,PRIVADO,RURAL,CERRADA TEMPORALMENTE,MONOLINGUE,MATUTINA,DIARIO(REGULAR),EL PROGRESO
02-03-0109-46,02-012,EL PROGRESO,SAN AGUSTIN ACASAGUASTLAN,INSTITUTO NACIONAL DE EDUCACI?N DIVERSIFICADA,ALDEA EL CONACASTE,40562517,EDGAR ROLANDO JUAREZ ORTIZ,RONY ALBINO LOPEZ CRUZ,DIVERSIFICADO,OFICIAL,RURAL,ABIERTA,MONOLINGUE,VESPERTINA,DIARIO(REGULAR),EL PROGRESO
02-03-0112-46,02-005,EL PROGRESO,SAN AGUSTIN ACASAGUASTLAN,INSTITUTO NACIONAL DE EDUCACI?N DIVERSIFICADA,ALDEA EL MORRO,51644707,DARVIN LESSER FLORES MORALES,MANFREDO HUMBERTO GARCIA,DIVERSIFICADO,OFICIAL,RURAL,ABIERTA,MONOLINGUE,MATUTINA,DIARIO(REGULAR),EL PROGRESO
02-03-0116-46,02-013,EL PROGRESO,SAN AGUSTIN ACASAGUASTLAN,CENTRO EDUCATIVO PRIVADO MIXTO ACAZAU-AZTL?N,BARRIO GUAYTAN,44807367,LILIAN SUSANA GODINEZ CASTRO,ROSA DELIA MORALES BALCARCEL,DIVERSIFICADO,PRIVADO,URBANA,ABIERTA,MONOLINGUE,DOBLE,DOMINICAL,EL PROGRESO
02-03-0117-46,02-013,EL PROGRESO,SAN AGUSTIN ACASAGUASTLAN,CENTRO EDUCATIVO PRIVADO MIXTO ACAZAU-AZTLAN,BARRIO GUAYTAN,56930589,LILIAN SUSANA GODINEZ CASTRO,ROSA DELIA MORALES BALCARCEL,DIVERSIFICADO,PRIVADO,URBANA,ABIERTA,MONOLINGUE,VESPERTINA,DIARIO(REGULAR),EL PROGRESO
02-03-0119-46,02-013,EL PROGRESO,SAN AGUSTIN ACASAGUASTLAN,COLEGIO EL SHADDAI,BARRIO RIO HATO,40953523,LILIAN SUSANA GODINEZ CASTRO,ZONIA ELIZABETH MARROQUIN,DIVERSIFICADO,PRIVADO,URBANA,ABIERTA,MONOLINGUE,VESPERTINA,DIARIO(REGULAR),EL PROGRESO
02-03-0125-46,02-013,EL PROGRESO,SAN AGUSTIN ACASAGUASTLAN,COLEGIO EL SHADDAI,BARRIO RIO HATO,46413167,LILIAN SUSANA GODINEZ CASTRO,ZONIA MARROQUIN,DIVERSIFICADO,PRIVADO,URBANA,ABIERTA,MONOLINGUE,VESPERTINA,DIARIO(REGULAR),EL PROGRESO
02-03-0128-46,02-005,EL PROGRESO,SAN AGUSTIN ACASAGUASTLAN,INSTITUTO MUNICIPAL DE EDUCACI?N DIVERSIFICADA,ALDEA TULUMAJILLO,30440303,DARVIN LESSER FLORES MORALES,ROGELIO ANTONIO SALVATIERRA OLIVA,DIVERSIFICADO,MUNICIPAL,RURAL,ABIERTA,MONOLINGUE,VESPERTINA,DIARIO(REGULAR),EL PROGRESO
02-03-0133-46,02-013,EL PROGRESO,SAN AGUSTIN ACASAGUASTLAN,CENTRO EDUCATIVO PRIVADO MIXTO INNOVADOR,BARRIO GUAYTAN,42159528,LILIAN SUSANA GODINEZ CASTRO,BLANCA MEZA,DIVERSIFICADO,PRIVADO,URBANA,ABIERTA,MONOLINGUE,VESPERTINA,DIARIO(REGULAR),EL PROGRESO
02-03-0134-46,02-013,EL PROGRESO,SAN AGUSTIN ACASAGUASTLAN,CENTRO EDUCATIVO PRIVADO MIXTO INNOVADOR,BARRIO GUAYTAN,42159528,LILIAN SUSANA GODINEZ CASTRO,BLANCA MEZA,DIVERSIFICADO,PRIVADO,URBANA,ABIERTA,MONOLINGUE,DOBLE,FIN DE SEMANA,EL PROGRESO
02-03-0135-46,02-013,EL PROGRESO,SAN AGUSTIN ACASAGUASTLAN,CENTRO EDUCATIVO PRIVADO MIXTO INNOVADOR,BARRIO GUAYTAN,42159528,LILIAN SUSANA GODINEZ CASTRO,BLANCA MEZA,DIVERSIFICADO,PRIVADO,URBANA,ABIERTA,MONOLINGUE,DOBLE,FIN DE SEMANA,EL PROGRESO
02-03-0136-46,02-013,EL PROGRESO,SAN AGUSTIN ACASAGUASTLAN,CENTRO EDUCATIVO PRIVADO MIXTO INNOVADOR,BARRIO GUAYTAN,4215928,LILIAN SUSANA GODINEZ CASTRO,BLANCA MEZA,DIVERSIFICADO,PRIVADO,URBANA,ABIERTA,MONOLINGUE,DOBLE,FIN DE SEMANA,EL PROGRESO
02-03-0283-46,02-004,EL PROGRESO,SAN AGUSTIN ACASAGUASTLAN,COLEGIO PRIVADO MIXTO EL ROSARIO,BARRIO EL CENTRO ALDEA EL RANCHO,54937809-53096866,GUELCER AMADO FLORES GUEVARA,,DIVERSIFICADO,PRIVADO,RURAL,CERRADA TEMPORALMENTE,MONOLINGUE,VESPERTINA,SABATINO,EL PROGRESO
02-03-0599-46,02-013,EL PROGRESO,SAN AGUSTIN ACASAGUASTLAN,"INSTITUTO DIVERSIFICADO POR COOPERATIVA ""SAN AGUSTIN ACASAGUASTLAN""",BARRIO GUAYTAN ARRIBA,79360629,LILIAN SUSANA GODINEZ CASTRO,MARIA EUGENIA VARGAS PAIZ,DIVERSIFICADO,COOPERATIVA,URBANA,ABIERTA,MONOLINGUE,VESPERTINA,DIARIO(REGULAR),EL PROGRESO
02-03-0614-46,02-012,EL PROGRESO,SAN AGUSTIN ACASAGUASTLAN,INSTITUTO GUATEMALTECO DE EDUCACION RADIOFONICA (IGER),SAN AGUSTIN ACASAGUASTLAN,,EDGAR ROLANDO JUAREZ ORTIZ,,DIVERSIFICADO,PRIVADO,URBANA,CERRADA TEMPORALMENTE,MONOLINGUE,MATUTINA,A DISTANCIA,EL PROGRESO
02-03-0719-46,02-013,EL PROGRESO,SAN AGUSTIN ACASAGUASTLAN,ESCUELA TECNICA PROFESIONAL MOISES LIRA SERAFIN,CASERIO LAS CHAMPAS ALDEA SANTA GERTRUDIS,47700271,LILIAN SUSANA GODINEZ CASTRO,,DIVERSIFICADO,PRIVADO,RURAL,ABIERTA,MONOLINGUE,DOBLE,FIN DE SEMANA,EL PROGRESO
02-03-0731-46,02-013,EL PROGRESO,SAN AGUSTIN ACASAGUASTLAN,COLEGIO PRIVADO MIXTO DE EDUCACION BASICA SAN AGUSTIN ACASAGUASTLAN COMEBSA,BARRIO GUAYTAN,31511521,LILIAN SUSANA GODINEZ CASTRO,,DIVERSIFICADO,PRIVADO,URBANA,ABIERTA,MONOLINGUE,DOBLE,FIN DE SEMANA,EL PROGRESO
02-04-0004-46,02-004,EL PROGRESO,SAN CRISTOBAL ACASAGUASTLAN,INSTITUTO NACIONAL DE EDUCACION DIVERSIFICADA,CABECERA MUNICIPAL,42426135,GUELCER AMADO FLORES GUEVARA,---,DIVERSIFICADO,OFICIAL,URBANA,ABIERTA,MONOLINGUE,VESPERTINA,DIARIO(REGULAR),EL PROGRESO
02-04-0005-46,02-004,EL PROGRESO,SAN CRISTOBAL ACASAGUASTLAN,INSTITUTO NACIONAL DE EDUCACION DIVERSIFICADA,CABECERA MUNICIPAL,,GUELCER AMADO FLORES GUEVARA,---,DIVERSIFICADO,OFICIAL,URBANA,CERRADA TEMPORALMENTE,MONOLINGUE,VESPERTINA,DIARIO(REGULAR),EL PROGRESO
02-04-0014-46,02-004,EL PROGRESO,SAN CRISTOBAL ACASAGUASTLAN,COLEGIO CRISTIANO BEREA PASTOR ERWIN ALBERTO REYES ALVARADO,ALDEA ESTANCIA DE LA VIRGEN,52107093,GUELCER AMADO FLORES GUEVARA,JOSE ALIRIO ALCAS RICARDO,DIVERSIFICADO,PRIVADO,RURAL,ABIERTA,MONOLINGUE,VESPERTINA,DIARIO(REGULAR),EL PROGRESO
02-04-0419-46,02-004,EL PROGRESO,SAN CRISTOBAL ACASAGUASTLAN,INSTITUTO MIXTO PRIVADO SAN CRISTOBAL,AVENIDA JUAN ANTONIO,55141140,GUELCER AMADO FLORES GUEVARA,,DIVERSIFICADO,PRIVADO,URBANA,ABIERTA,MONOLINGUE,VESPERTINA,DIARIO(REGULAR),EL PROGRESO
02-05-0008-46,02-019,EL PROGRESO,EL JICARO,INSTITUTO NACIONAL DE EDUCACION DIVERSIFICADA,BARRIO BUENOS ARIES,45561126,ALBA LETICIA SALVATIERRA PAIZ,---,DIVERSIFICADO,OFICIAL,URBANA,ABIERTA,MONOLINGUE,MATUTINA,DIARIO(REGULAR),EL PROGRESO
02-05-0013-46,02-019,EL PROGRESO,EL JICARO,INSTITUTO MUNICIPAL DE EL PASO DE LOS JALAPAS,ALDEA EL PASO DE LOS JALAPAS,44388320,ALBA LETICIA SALVATIERRA PAIZ,KARLA JUDTIH MEJIA VARGAS,DIVERSIFICADO,MUNICIPAL,RURAL,ABIERTA,MONOLINGUE,VESPERTINA,DIARIO(REGULAR),EL PROGRESO
02-05-0017-46,02-019,EL PROGRESO,EL JICARO,INSTITUTO MUNICIPAL DE EDUCACI?N DIVERSIFICADA EL J?CARO,BARRIO BUENOS AIRES,56021342,ALBA LETICIA SALVATIERRA PAIZ,ROSMERY PEREZ ALDANA,DIVERSIFICADO,MUNICIPAL,URBANA,ABIERTA,MONOLINGUE,MATUTINA,DIARIO(REGULAR),EL PROGRESO
02-05-0132-46,,EL PROGRESO,EL JICARO,ESCUELA PARTICULAR MIXTA DE CIENCIAS COMERCIALES,EL JICARO,,,,DIVERSIFICADO,PRIVADO,URBANA,CERRADA TEMPORALMENTE,MONOLINGUE,VESPERTINA,DIARIO(REGULAR),EL PROGRESO
02-05-0371-46,02-019,EL PROGRESO,EL JICARO,INSTITUTO DE EDUCACION BASICA Y BACHILLERATO POR MADUREZ,BARRIO BUENOS AIRES,56476148,ALBA LETICIA SALVATIERRA PAIZ,,DIVERSIFICADO,PRIVADO,URBANA,ABIERTA,MONOLINGUE,DOBLE,SABATINO,EL PROGRESO
02-05-0453-46,02-001,EL PROGRESO,EL JICARO,CENTRO EDUCATIVO CON ORIENTACION AMBIENTAL 'PROFESOR JOSE GUILLERMO SANTOS HERRARTE',EL JICARO,,JORGE MARIO CHINCHILLA JACINTO,,DIVERSIFICADO,PRIVADO,URBANA,TEMPORAL TITULOS,MONOLINGUE,VESPERTINA,DIARIO(REGULAR),EL PROGRESO
02-05-0592-46,,EL PROGRESO,EL JICARO,COLEGIO DIVERSIFICADO EL JICARO,BARRIO BUENOS AIRES,,,,DIVERSIFICADO,PRIVADO,URBANA,CERRADA TEMPORALMENTE,MONOLINGUE,VESPERTINA,DIARIO(REGULAR),EL PROGRESO
02-05-0664-46,02-019,EL PROGRESO,EL JICARO,INSTITUTO DIVERSIFICADO POR COOPERATIVA,BARRIO BUENOS AIRES,48658913,ALBA LETICIA SALVATIERRA PAIZ,,DIVERSIFICADO,COOPERATIVA,URBANA,ABIERTA,MONOLINGUE,VESPERTINA,DIARIO(REGULAR),EL PROGRESO
02-05-0687-46,02-019,EL PROGRESO,EL JICARO,COLEGIO CRISTIANO NUEVA JERUSALEN,BARRIO BUENOS AIRES,50793551,ALBA LETICIA SALVATIERRA PAIZ,,DIVERSIFICADO,PRIVADO,URBANA,ABIERTA,MONOLINGUE,VESPERTINA,DIARIO(REGULAR),EL PROGRESO
02-06-0005-46,02-016,EL PROGRESO,SANSARE,INSTITUTO NACIONAL DE EDUCACION DIVERSIFICADA,BARRIO PUEBLO ARRIBA,56211867,ENMA TERESA MARROQUIN,---,DIVERSIFICADO,OFICIAL,URBANA,ABIERTA,MONOLINGUE,VESPERTINA,DIARIO(REGULAR),EL PROGRESO
02-06-0013-46,02-020,EL PROGRESO,SANSARE,INSTITUTO MUNICIPAL DE EDUCACI?N DIVERSIFICADA,ALDEA LOS CERRITOS,42329759,HUGO ROLANDO LIMA JUAREZ,GUENDY VANESA MORALES GONZALEZ,DIVERSIFICADO,MUNICIPAL,RURAL,ABIERTA,MONOLINGUE,MATUTINA,DIARIO(REGULAR),EL PROGRESO
02-06-0014-46,02-016,EL PROGRESO,SANSARE,COLEGIO SAGRADO CORAZ?N DE JES?S Y MAR?A,BARRIO PUEBLO ABAJO,56333236,ENMA TERESA MARROQUIN,MARTA NORIEGA,DIVERSIFICADO,PRIVADO,URBANA,ABIERTA,MONOLINGUE,VESPERTINA,DIARIO(REGULAR),EL PROGRESO
02-06-0018-46,02-016,EL PROGRESO,SANSARE,INSTITUTO NACIONAL DE EDUCACI?N DIVERSIFICADA,ALDEA POZA VERDE,50135758,ENMA TERESA MARROQUIN,ARISTIDES CABRERA,DIVERSIFICADO,OFICIAL,RURAL,ABIERTA,MONOLINGUE,VESPERTINA,DIARIO(REGULAR),EL PROGRESO
02-06-0020-46,02-016,EL PROGRESO,SANSARE,COLEGIO SAGRADO CORAZ?N DE JES?S Y MAR?A,BARRIO PUEBLO ABAJO,79243482,ENMA TERESA MARROQUIN,MARTA NORIEGA,DIVERSIFICADO,PRIVADO,URBANA,ABIERTA,MONOLINGUE,DOBLE,FIN DE SEMANA,EL PROGRESO
02-06-0021-46,02-016,EL PROGRESO,SANSARE,COLEGIO SAGRADO CORAZ?N DE JES?S Y MAR?A,BARRIO PUEBLO ABAJO,79243482,ENMA TERESA MARROQUIN,MARTA NOREIGA,DIVERSIFICADO,PRIVADO,URBANA,ABIERTA,MONOLINGUE,DOBLE,FIN DE SEMANA,EL PROGRESO
02-06-0022-46,02-016,EL PROGRESO,SANSARE,COLEGIO SAGRADO CORAZ?N DE JêSUS Y MAR?A,BARRIO PUEBLO ABAJO,79243482,ENMA TERESA MARROQUIN,MARIA NORIEGA,DIVERSIFICADO,PRIVADO,URBANA,ABIERTA,MONOLINGUE,DOBLE,FIN DE SEMANA,EL PROGRESO
02-06-0154-46,02-020,EL PROGRESO,SANSARE,CENTRO EDUCATIVO LICEO SANSARE,SANSARE,54200599,HUGO ROLANDO LIMA JUAREZ,ADALBERTO CHAMO CONTRERAS,DIVERSIFICADO,PRIVADO,URBANA,ABIERTA,MONOLINGUE,VESPERTINA,DIARIO(REGULAR),EL PROGRESO
02-06-0696-46,02-016,EL PROGRESO,SANSARE,INSTITUTO MUNICIPAL DE EDUCACION BASICA Y BACHILLERATO POR MADUREZ SANSARE,SALIDA A BUENA VISTA,50135758,ENMA TERESA MARROQUIN,ARISITIDES CABRERA,DIVERSIFICADO,PRIVADO,URBANA,ABIERTA,MONOLINGUE,DOBLE,FIN DE SEMANA,EL PROGRESO
02-06-0716-46,02-020,EL PROGRESO,SANSARE,INSTITUTO DIVERSIFICADO POR COOPERATIVA SANSARE,SALIDA A BUENA VISTA,56331199,HUGO ROLANDO LIMA JUAREZ,RUBEN DARIO SALAZAR,DIVERSIFICADO,COOPERATIVA,URBANA,ABIERTA,MONOLINGUE,DOBLE,DIARIO(REGULAR),EL PROGRESO
02-07-0008-46,02-018,EL PROGRESO,SANARATE,INSTITUTO NACIONAL DE EDUCACION DIVERSIFICADA,"AVENIDA ISMAEL ARRIAZA 13-41, ZONA 1",,OSMAR JOSUE GONZALEZ HERNANDEZ,---,DIVERSIFICADO,OFICIAL,URBANA,ABIERTA,MONOLINGUE,VESPERTINA,DIARIO(REGULAR),EL PROGRESO
02-07-0009-46,02-006,EL PROGRESO,SANARATE,INSTITUTO NACIONAL DE EDUCACION DIVERSIFICADA,ALDEA EL UPAYON,79252494,CARLOTA EUGENIA ALBUREZ AGUILAR,IRMA YOLANDA ORTIZ VALDEZ,DIVERSIFICADO,OFICIAL,RURAL,ABIERTA,MONOLINGUE,VESPERTINA,DIARIO(REGULAR),EL PROGRESO
02-07-0022-46,02-017,EL PROGRESO,SANARATE,INSTITUTO TECNOLOGICO SANARATECO,2A. AVENIDA 1-76 ZONA 4,47141991,ELVIS DANIEL TUL CRUZ,CARLOS OVIDIO RAMOS MORALES,DIVERSIFICADO,PRIVADO,URBANA,ABIERTA,MONOLINGUE,DOBLE,FIN DE SEMANA,EL PROGRESO
02-07-0024-46,02-007,EL PROGRESO,SANARATE,ESCUELA TECNICA CIENCIA APLICADA ESTECA-PC,7A. CALLE 3-29 ZONA 4,79253207,LUCY JUANITA RAMOS GARCIA,EDGAR OMAR GONZALEZ RODAS,DIVERSIFICADO,PRIVADO,URBANA,CERRADA TEMPORALMENTE,MONOLINGUE,DOBLE,FIN DE SEMANA,EL PROGRESO
02-07-0036-46,02-017,EL PROGRESO,SANARATE,COLEGIO PRIVADO MIXTO CIENCIAS COMERCIALES SANARATE,2 AVENIDA 2-45 ZONA 4,79252112,ELVIS DANIEL TUL CRUZ,CLAUDIA ESPERANZA MORALES BARRIOS,DIVERSIFICADO,PRIVADO,URBANA,ABIERTA,MONOLINGUE,MATUTINA,DIARIO(REGULAR),EL PROGRESO
02-07-0038-46,02-021,EL PROGRESO,SANARATE,CENTRO EDUCATIVO ESTUARDO NOVELLA CAMACHO,ALDEA SAN MIGUEL CONACASTE,55751775,MARTA ELIDA CARIAS HERNANDEZ DE GARCIA,JUVIA ADALY PALMA ROSIL DE ALVAREZ,DIVERSIFICADO,PRIVADO,RURAL,ABIERTA,MONOLINGUE,DOBLE,FIN DE SEMANA,EL PROGRESO
02-07-0039-46,02-018,EL PROGRESO,SANARATE,COLEGIO EL ROSARIO,2 AV. 01-010 ZONA 3,79253526,OSMAR JOSUE GONZALEZ HERNANDEZ,WALTER RENE RAMIREZ ORDO•EZ,DIVERSIFICADO,PRIVADO,URBANA,ABIERTA,MONOLINGUE,MATUTINA,DIARIO(REGULAR),EL PROGRESO
02-07-0199-46,02-017,EL PROGRESO,SANARATE,COLEGIO PRIVADO MIXTO DE CIENCIAS COMERCIALES SANARATE,2AV. 2-45 ZONA 4,79252112,ELVIS DANIEL TUL CRUZ,CLAUDIA ESPERANZA MORALES BARRIOS,DIVERSIFICADO,PRIVADO,URBANA,ABIERTA,MONOLINGUE,VESPERTINA,DIARIO(REGULAR),EL PROGRESO
02-07-0200-46,02-018,EL PROGRESO,SANARATE,COLEGIO EL ROSARIO,2A. AVE. 3-66 ZONA 4,79253526,OSMAR JOSUE GONZALEZ HERNANDEZ,HECTOR ESTRADA CARRANZA,DIVERSIFICADO,PRIVADO,URBANA,ABIERTA,MONOLINGUE,VESPERTINA,DIARIO(REGULAR),EL PROGRESO
02-07-0239-46,02-017,EL PROGRESO,SANARATE,INSTITUTO TECNOLOGICO SANARATECO,2A AV.-1-76 ZONA 4,79252297,ELVIS DANIEL TUL CRUZ,,DIVERSIFICADO,PRIVADO,URBANA,ABIERTA,MONOLINGUE,DOBLE,FIN DE SEMANA,EL PROGRESO
02-07-0264-46,02-017,EL PROGRESO,SANARATE,INSTITUTO TECNOLOGICO SANARATECO,2AV 1-76 ZONA 4 SANARATE,47141991,ELVIS DANIEL TUL CRUZ,,DIVERSIFICADO,PRIVADO,URBANA,ABIERTA,MONOLINGUE,VESPERTINA,DIARIO(REGULAR),EL PROGRESO
02-07-0265-46,02-001,EL PROGRESO,SANARATE,CENTRO DE ESTUDIOS Y APLICACIONES EN COMPUTACION -CEAC-,1A. CALLE 3-32 ZONA 1,,JORGE MARIO CHINCHILLA JACINTO,,DIVERSIFICADO,PRIVADO,URBANA,CERRADA TEMPORALMENTE,MONOLINGUE,VESPERTINA,DIARIO(REGULAR),EL PROGRESO
02-07-0268-46,02-018,EL PROGRESO,SANARATE,COLEGIO EL ROSARIO,2A. AV. 3-66 ZONA 4,79252603,OSMAR JOSUE GONZALEZ HERNANDEZ,,DIVERSIFICADO,PRIVADO,URBANA,ABIERTA,MONOLINGUE,DOBLE,DIARIO(REGULAR),EL PROGRESO
02-07-0536-46,02-006,EL PROGRESO,SANARATE,"INSTITUTO DE EDUCACI?N MEDIA POR COOPERATIVA ""SANARATE""","1 CALLE 3-32, ZONA 1",79252525,CARLOTA EUGENIA ALBUREZ AGUILAR,ADA RUTH GUERRA RAYMUNDO,DIVERSIFICADO,COOPERATIVA,URBANA,ABIERTA,MONOLINGUE,VESPERTINA,DIARIO(REGULAR),EL PROGRESO
02-07-0566-46,02-,EL PROGRESO,SANARATE,COLEGIO SAGRADO CORAZON DE JESUS,1A. CALLE 1-09 ZONA 4,,JORGE MARIO CHINCHILLA JACINTO,,DIVERSIFICADO,PRIVADO,URBANA,CERRADA TEMPORALMENTE,MONOLINGUE,MATUTINA,DIARIO(REGULAR),EL PROGRESO
02-07-0637-46,02-012,EL PROGRESO,SANARATE,COLEGIO ZANATL,AV. ISMAEL 5-05 ZONA 1,79252518,EDGAR ROLANDO JUAREZ ORTIZ,,DIVERSIFICADO,PRIVADO,URBANA,CERRADA TEMPORALMENTE,MONOLINGUE,MATUTINA,DIARIO(REGULAR),EL PROGRESO
02-07-0678-46,02-007,EL PROGRESO,SANARATE,ESCUELA TECNICA CIENCIA APLICADA ESTECA-PC,7A. CALLE 3-29 ZONA 4,79253207,LUCY JUANITA RAMOS GARCIA,EDGAR OMAR GONZALEZ RODAS,DIVERSIFICADO,PRIVADO,URBANA,ABIERTA,MONOLINGUE,VESPERTINA,DIARIO(REGULAR),EL PROGRESO
02-07-0679-46,02-007,EL PROGRESO,SANARATE,ESCUELA TECNICA CIENCIA APLICADA ESTECA-PC,7A. CALLA 3-29 ZONA 4,79253207,LUCY JUANITA RAMOS GARCIA,EDGAR OMAR GONZALEZ RODAS,DIVERSIFICADO,PRIVADO,URBANA,ABIERTA,MONOLINGUE,MATUTINA,DIARIO(REGULAR),EL PROGRESO
02-07-0691-46,02-007,EL PROGRESO,SANARATE,ESCUELA TECNICA CIENCIA APLICADA ESTECA-PC,7A. CALLE 3-29 ZONA 4,79253207,LUCY JUANITA RAMOS GARCIA,EDGAR OMAR GONZALEZ RODAS,DIVERSIFICADO,PRIVADO,URBANA,ABIERTA,MONOLINGUE,DOBLE,FIN DE SEMANA,EL PROGRESO
02-07-0699-46,02-007,EL PROGRESO,SANARATE,ESCUELA TECNICA CIENCIA APLICADA ESTECA-PC,7A. CALLE 3-29 ZONA 4,79253207,LUCY JUANITA RAMOS GARCIA,EDGAR OMAR GONZALEZ RODAS,DIVERSIFICADO,PRIVADO,URBANA,ABIERTA,MONOLINGUE,DOBLE,DIARIO(REGULAR),EL PROGRESO
02-07-0714-46,02-017,EL PROGRESO,SANARATE,COLEGIO PRIVADO MIXTO DE CIENCIAS COMERCIALES SANARATE,2A. AV. 2-45 ZONA 4,79252112,ELVIS DANIEL TUL CRUZ,CLAUDIA ESPERANZA MORALES BARRIOS,DIVERSIFICADO,PRIVADO,URBANA,CERRADA TEMPORALMENTE,MONOLINGUE,MATUTINA,DIARIO(REGULAR),EL PROGRESO
02-07-0754-46,02-017,EL PROGRESO,SANARATE,COLEGIO PRIVADO MIXTO DE CIENCIAS COMERCIALES SANARATE,2A. AVENIDA 2-45 ZONA 4,79252112-79253509,ELVIS DANIEL TUL CRUZ,CLAUDIA ESPERANZA MORALES BARRIOS,DIVERSIFICADO,PRIVADO,URBANA,ABIERTA,MONOLINGUE,DOBLE,DIARIO(REGULAR),EL PROGRESO
02-07-0755-46,02-017,EL PROGRESO,SANARATE,COLEGIO PROFESIONAL DE TURISMO GUATEMALAM,1A. AVENIDA 3-35 ZONA 1,79452850,ELVIS DANIEL TUL CRUZ,GELVER DANIEL MORALES MENDEZ,DIVERSIFICADO,PRIVADO,URBANA,ABIERTA,MONOLINGUE,MATUTINA,DIARIO(REGULAR),EL PROGRESO
02-07-0762-46,02-017,EL PROGRESO,SANARATE,COLEGIO PROFESIONAL DE TURISMO GUATEMALAM,1A. AVENIDA 3-35 ZONA 1,79452850,ELVIS DANIEL TUL CRUZ,,DIVERSIFICADO,PRIVADO,URBANA,CERRADA TEMPORALMENTE,MONOLINGUE,DOBLE,FIN DE SEMANA,EL PROGRESO
02-07-0823-46,02-018,EL PROGRESO,SANARATE,COLEGIO PRIVADO ENRIQUE NOVELLA ALVARADO,"FINCA SAN MIGUEL RIO ABAJO, ALDEA EL SINACA",79528064,OSMAR JOSUE GONZALEZ HERNANDEZ,RITA CECILIA GALVEZ,DIVERSIFICADO,PRIVADO,RURAL,ABIERTA,MONOLINGUE,DOBLE,DIARIO(REGULAR),EL PROGRESO
02-08-0012-46,02-008,EL PROGRESO,SAN ANTONIO LA PAZ,INSTITUTO NACIONAL DE EDUCACION DIVERSIFICADA,CABECERA MUNICIPAL,50149689,LUIS FERNANDO PALMA GRAMAJO,---,DIVERSIFICADO,OFICIAL,URBANA,ABIERTA,MONOLINGUE,MATUTINA,DIARIO(REGULAR),EL PROGRESO
02-08-0018-46,02-004,EL PROGRESO,SAN ANTONIO LA PAZ,COLEGIO PRIVADO LICEO GABRIEL,COLONIA VALLE DE BELEN CASA NO. 1 ALDEA AGUA CALIENTE,44738213,GUELCER AMADO FLORES GUEVARA,GLORIA ESTELA HERNANDEZ GARCIA,DIVERSIFICADO,PRIVADO,RURAL,CERRADA TEMPORALMENTE,MONOLINGUE,DOBLE,FIN DE SEMANA,EL PROGRESO
02-08-0021-46,02-008,EL PROGRESO,SAN ANTONIO LA PAZ,"INSTITUTO MUNICIPAL DE EDUCACI?N DIVERSIFICADA ""JOSê INêS C?CERES""",ALDEA AGUA CALIENTE,40120019,LUIS FERNANDO PALMA GRAMAJO,ADRIANA GODINEZ NORIEGA,DIVERSIFICADO,MUNICIPAL,RURAL,ABIERTA,MONOLINGUE,VESPERTINA,DIARIO(REGULAR),EL PROGRESO
02-08-0022-46,02-008,EL PROGRESO,SAN ANTONIO LA PAZ,COLEGIO LA PAZ,BARRIO EL CALVARIO,42318551,LUIS FERNANDO PALMA GRAMAJO,FLAVIA ANABELLA SANCHEZ,DIVERSIFICADO,PRIVADO,URBANA,ABIERTA,MONOLINGUE,VESPERTINA,DIARIO(REGULAR),EL PROGRESO
02-08-0535-46,02-011,EL PROGRESO,SAN ANTONIO LA PAZ,INSTITUTO DIVERSIFICADO POR COOPERATIVA,BARRIO EL CENTRO,,EMILZA MARLENY GARRIDO PEREZ DE SANCHEZ,,DIVERSIFICADO,COOPERATIVA,URBANA,ABIERTA,MONOLINGUE,VESPERTINA,DIARIO(REGULAR),EL PROGRESO
,,,,,,,,,,,,,,,,
108 Establecimientos encontradosˇ,,,,,,,,,,,,,,,,
