CODIGO,DISTRITO,DEPARTAMENTO,MUNICIPIO,ESTABLECIMIENTO,DIRECCION,TELEFONO,SUPERVISOR,DIRECTOR,NIVEL,SECTOR,AREA,STATUS,MODALIDAD,JORNADA,PLAN,DEPARTAMENTAL
14-01-0077-46,14-001,QUICHE,SANTA CRUZ DEL QUICHE,INSTITUTO ADOLFO V HALL,"KILOMETRO 161 ENTRADA A SANTA CRUZ DEL QUICHE, ANTIGUA ZONA MILITAR",77551548,JOSE OSCAR TIPAZ VELASQUEZ,CORONEL DE INFNTERIA DEM. MARVIN JUAN CARLOS GARĆ PONCE,DIVERSIFICADO,OFICIAL,URBANA,ABIERTA,MONOLINGUE,MATUTINA,DIARIO(REGULAR),QUICHɼ/td>
14-01-0079-46,14-036,QUICHE,SANTA CRUZ DEL QUICHE,COLEGIO EVANGELICO METODISTA UTATLAN,"4A CALLE Y 6A-12, ZONA 5",77551551,GONZALO VENTURA LUX,ELVA AURORA UR͚AR GMEZ DE MEJ́,DIVERSIFICADO,PRIVADO,URBANA,ABIERTA,MONOLINGUE,DOBLE,DIARIO(REGULAR),QUICHɼ/td>
14-01-0080-46,14-036,QUICHE,SANTA CRUZ DEL QUICHE,LICEO MIXTO 'QUICHE',2AV. 6-27 ZONA 5,77551705,GONZALO VENTURA LUX,,DIVERSIFICADO,PRIVADO,URBANA,CERRADA TEMPORALMENTE,MONOLINGUE,NOCTURNA,DIARIO(REGULAR),QUICHɼ/td>
14-01-0085-46,14-001,QUICHE,SANTA CRUZ DEL QUICHE,INSTITUTO NORMAL MIXTO JUAN DE LEON,12 CALLE 0-36 ZONA 5,77551966,JOSE OSCAR TIPAZ VELASQUEZ,ASTRID MIRTALA VALDEZ GOMEZ,DIVERSIFICADO,OFICIAL,URBANA,ABIERTA,MONOLINGUE,VESPERTINA,DIARIO(REGULAR),QUICHɼ/td>
14-01-0090-46,14-036,QUICHE,SANTA CRUZ DEL QUICHE,"COLEGIO MIXTO BILINGUE INTERCULTURAL ""QIJ""",11A. CALLE 06-03 ZONA 1,77550476,GONZALO VENTURA LUX,TOMAS ALVAREZ ORTIZ,DIVERSIFICADO,PRIVADO,URBANA,ABIERTA,BILINGUE,DOBLE,FIN DE SEMANA,QUICHɼ/td>
14-01-0108-46,14-036,QUICHE,SANTA CRUZ DEL QUICHE,COLEGIO TECNICO AVANZADO,4A. AVENIDA 20-174 ZONA 4,77554695,GONZALO VENTURA LUX,JACQUELINE ARGENTINA SOLARES,DIVERSIFICADO,PRIVADO,URBANA,ABIERTA,MONOLINGUE,MATUTINA,DIARIO(REGULAR),QUICHɼ/td>
14-01-0110-46,14-036,QUICHE,SANTA CRUZ DEL QUICHE,LICEO TECNOLOGICO DE OCCIDENTE LA PREPARATORIA,9A. AVENIDA ENTRE 4A. Y 5A. CALLE ZONA 2,77563645,GONZALO VENTURA LUX,EBERTH ANTULIO RODAS ESTRADA,DIVERSIFICADO,PRIVADO,URBANA,ABIERTA,MONOLINGUE,DOBLE,FIN DE SEMANA,QUICHɼ/td>
14-01-0112-46,14-001,QUICHE,SANTA CRUZ DEL QUICHE,INSTITUTO NACIONAL DE EDUCACION DIVERSIFICADA,"20 CALLE FINAL ZONA 4, COLONIA LOS CELAJES",77554630,JOSE OSCAR TIPAZ VELASQUEZ,TIMOTEA VIVIANA REYNOSO TAVICO,DIVERSIFICADO,OFICIAL,URBANA,ABIERTA,MONOLINGUE,VESPERTINA,DIARIO(REGULAR),QUICHɼ/td>
14-01-0115-46,14-001,QUICHE,SANTA CRUZ DEL QUICHE,INSTITUTO NORMAL MIXTO JUAN DE LEON,12 CALLE 0-36 ZONA 5,77656620,JOSE OSCAR TIPAZ VELASQUEZ,-----,DIVERSIFICADO,OFICIAL,URBANA,ABIERTA,MONOLINGUE,MATUTINA,DIARIO(REGULAR),QUICHɼ/td>
14-01-0163-46,14-036,QUICHE,SANTA CRUZ DEL QUICHE,"COLEGIO EVANGELICO METODISTA ""JOHN WESLEY""",6TA. AVENIDA 00-002 DE LA ZONA 1,77563692,GONZALO VENTURA LUX,FAUSTO GILBERTO NATARENO LOPEZ,DIVERSIFICADO,PRIVADO,URBANA,ABIERTA,MONOLINGUE,VESPERTINA,DIARIO(REGULAR),QUICHɼ/td>
14-01-0166-46,14-036,QUICHE,SANTA CRUZ DEL QUICHE,LICEO MIXTO QUICHE,2A. AVENIDA 6-27 ZONA 5,77551705,GONZALO VENTURA LUX,DAVID ARTURO MOGOLLON AREVALO,DIVERSIFICADO,PRIVADO,URBANA,ABIERTA,MONOLINGUE,MATUTINA,DIARIO(REGULAR),QUICHɼ/td>
14-01-0167-46,14-036,QUICHE,SANTA CRUZ DEL QUICHE,COLEGIO MULTIEDUCATIVO LA REFORMA,"3A. AVENIDA 4-35, ZONA 1",77563633,GONZALO VENTURA LUX,AVELINO ARMANDO LEON ZACARIAS,DIVERSIFICADO,PRIVADO,URBANA,ABIERTA,MONOLINGUE,DOBLE,FIN DE SEMANA,QUICHɼ/td>
14-01-0176-46,14-036,QUICHE,SANTA CRUZ DEL QUICHE,INSTITUTO PRIVADO MIXTO DE COMPUTACION INFORMATICA,2A. AVENIDA 9-58 ZONA 1,77563753,GONZALO VENTURA LUX,OSCAR MANUEL LOPEZ SOLORZANO,DIVERSIFICADO,PRIVADO,URBANA,CERRADA TEMPORALMENTE,MONOLINGUE,VESPERTINA,DIARIO(REGULAR),QUICHɼ/td>
14-01-0178-46,14-036,QUICHE,SANTA CRUZ DEL QUICHE,INSTITUTO PRIVADO MIXTO DE COMPUTACION INFORMATICA,"6A. AVENIDA 0-48, ZONA 1",77553570,GONZALO VENTURA LUX,ROSA AMEĹ D́Z COTA,DIVERSIFICADO,PRIVADO,URBANA,ABIERTA,MONOLINGUE,MATUTINA,DIARIO(REGULAR),QUICHɼ/td>
14-01-0180-46,14-036,QUICHE,SANTA CRUZ DEL QUICHE,INSTITUTO PRIVADO MIXTO DE COMPUTACION INFORMATICA,6A. AVENIDA 0-48 ZONA 1,77553570,GONZALO VENTURA LUX,MAŔ DE LOS ANGELES BATEN URIZAR,DIVERSIFICADO,PRIVADO,URBANA,ABIERTA,MONOLINGUE,DOBLE,FIN DE SEMANA,QUICHɼ/td>
14-01-0181-46,14-036,QUICHE,SANTA CRUZ DEL QUICHE,INSTITUTO PRIVADO MIXTO CIENCIA Y CULTURA,"1A. CALLE 13-41, ZONA 2",77563487,GONZALO VENTURA LUX,ELMER ROLANDO PACHECO NORIEGA,DIVERSIFICADO,PRIVADO,URBANA,ABIERTA,MONOLINGUE,DOBLE,FIN DE SEMANA,QUICHɼ/td>
14-01-0183-46,14-036,QUICHE,SANTA CRUZ DEL QUICHE,COLEGIO CIENTIFICO INTEGRAL EINSTEIN,"14 AVENIDA 2-38, ZONA 3",49854279,GONZALO VENTURA LUX,CARLOS ENRIQUE CHAYANNY DELGADO,DIVERSIFICADO,PRIVADO,URBANA,ABIERTA,MONOLINGUE,VESPERTINA,DIARIO(REGULAR),QUICHɼ/td>
14-01-0186-46,14-036,QUICHE,SANTA CRUZ DEL QUICHE,COLEGIO MIXTO BILINGUE INTERCULTURAL Q IJ,11 CALLE 6-03 ZONA 1,77550476,GONZALO VENTURA LUX,TOMAS ALVAREZ ORTIZ,DIVERSIFICADO,PRIVADO,URBANA,ABIERTA,MONOLINGUE,DOBLE,FIN DE SEMANA,QUICHɼ/td>
14-01-0189-46,14-036,QUICHE,SANTA CRUZ DEL QUICHE,COLEGIO MIXTO BILINGUE INTERCULTURAL Q IJ,11 CALLE 6-03 ZONA 1,77550476,GONZALO VENTURA LUX,TOMAS ALVAREZ ORTIZ,DIVERSIFICADO,PRIVADO,URBANA,ABIERTA,BILINGUE,DOBLE,A DISTANCIA,QUICHɼ/td>
14-01-0193-46,14-036,QUICHE,SANTA CRUZ DEL QUICHE,LICEO TECNOLOGICO DE OCCIDENTE LA PREPARATORIA,"4A. CALLE Y 9A. AVENIDA, ZONA 2",77563645,GONZALO VENTURA LUX,DINA GUADALUPE VILLATORO LOARCA,DIVERSIFICADO,PRIVADO,URBANA,CERRADA TEMPORALMENTE,MONOLINGUE,DOBLE,DIARIO(REGULAR),QUICHɼ/td>
14-01-0195-46,14-036,QUICHE,SANTA CRUZ DEL QUICHE,COLEGIO NUESTRA SEяRA DEL ROSARIO,SANTA CRUZ DEL QUICHE,77552429,GONZALO VENTURA LUX,AGUSTINA IRMA CAMACHO REYNA,DIVERSIFICADO,PRIVADO,URBANA,CERRADA TEMPORALMENTE,BILINGUE,MATUTINA,DIARIO(REGULAR),QUICHɼ/td>
14-01-0199-46,14-036,QUICHE,SANTA CRUZ DEL QUICHE,COLEGIO NUESTRA SEяRA DEL ROSARIO,SANTA CRUZ DEL QUICHE,77552429,GONZALO VENTURA LUX,AGUSTINA IRMA CAMACHO REYNA,DIVERSIFICADO,PRIVADO,URBANA,ABIERTA,MONOLINGUE,MATUTINA,DIARIO(REGULAR),QUICHɼ/td>
14-01-0210-46,14-036,QUICHE,SANTA CRUZ DEL QUICHE,"COLEGIO EJECUTIVO PRE-UNIVERSITARIO EN COMPUTACIӎ ""CLASSE""",0 AV. 8-24 A ZONA 6,77563714,GONZALO VENTURA LUX,ERVIN WALDERMAR VELASQUEZ BATEN,DIVERSIFICADO,PRIVADO,URBANA,ABIERTA,MONOLINGUE,DOBLE,FIN DE SEMANA,QUICHɼ/td>
14-01-0227-46,14-036,QUICHE,SANTA CRUZ DEL QUICHE,"LICEO TECNOLӇICO DE OCCIDENTE LA ""PREPARATORIA""",9A. AVENIDA 4-65 ZONA 2,77563645,GONZALO VENTURA LUX,DINA GUADALUPE VILLATOTO LOARCA,DIVERSIFICADO,PRIVADO,URBANA,ABIERTA,MONOLINGUE,DOBLE,FIN DE SEMANA,QUICHɼ/td>
14-01-0230-46,14-036,QUICHE,SANTA CRUZ DEL QUICHE,COLEGIO SAN FRANCISCO JAVIER DE QUICHɼ/td>,KILOMETRO 166.9 ALDEA EL CARMEN CHITATUL,79638520,GONZALO VENTURA LUX,CARMEN DINORA QUѓNEZ LӐEZ,DIVERSIFICADO,PRIVADO,RURAL,ABIERTA,MONOLINGUE,MATUTINA,DIARIO(REGULAR),QUICHɼ/td>
14-01-0231-46,14-002,QUICHE,SANTA CRUZ DEL QUICHE,ESCUELA NORMAL BILING܅ INTERCULTURAL K ICHE TIJOB Č UTܘ MAYAB WINđ OXLAJUJ TZ I,"CASERIO BUENA VISTA, XATINAP V",77563721,JOSE OSCAR TIPAZ VELASQUEZ,FRANCISCO TZOC MEJ́,DIVERSIFICADO,OFICIAL,RURAL,ABIERTA,BILINGUE,MATUTINA,DIARIO(REGULAR),QUICHɼ/td>
14-01-0235-46,14-036,QUICHE,SANTA CRUZ DEL QUICHE,LICEO TECNOLӇICO DE OCCIDENTE LA PREPARATORIA,"9A. AVENIDA 4-56, ZONA 2",77563645,GONZALO VENTURA LUX,DINA GUADALUPE VILLATORO LOARCA,DIVERSIFICADO,PRIVADO,URBANA,ABIERTA,MONOLINGUE,DOBLE,DIARIO(REGULAR),QUICHɼ/td>
14-01-0236-46,14-001,QUICHE,SANTA CRUZ DEL QUICHE,INSTITUTO TɃNICO DE NIVEL MEDIO,"20 CALLE FINAL DE LA ZONA CUATRO, COLONIA LOS CELAJES",47501929,JOSE OSCAR TIPAZ VELASQUEZ,GABRIELA ALEJANDRA AFRE PɒEZ DE DELGADO,DIVERSIFICADO,OFICIAL,URBANA,ABIERTA,MONOLINGUE,DOBLE,DIARIO(REGULAR),QUICHɼ/td>
14-01-0242-46,14-036,QUICHE,SANTA CRUZ DEL QUICHE,"INSTITUTO PRIVADO MIXTO ""CIENCIA Y CULTURA""","1A. CALLE 13-41, ZONA 2",77563487,GONZALO VENTURA LUX,IBERTO DE LEӎ ORELLANA,DIVERSIFICADO,PRIVADO,URBANA,ABIERTA,MONOLINGUE,DOBLE,FIN DE SEMANA,QUICHɼ/td>
14-01-0243-46,14-036,QUICHE,SANTA CRUZ DEL QUICHE,"""LICEO MIXTO QUICHɢ","2A. AVENIDA 6-27, ZONA 5",77551705,GONZALO VENTURA LUX,DAVID ARTURO MOGOLLӎ ARɖALO,DIVERSIFICADO,PRIVADO,URBANA,ABIERTA,MONOLINGUE,DOBLE,FIN DE SEMANA,QUICHɼ/td>
14-01-0247-46,14-036,QUICHE,SANTA CRUZ DEL QUICHE,"LICEO TECNOLӇICO ""LA PREPARATORIA""",9A. AV. 4-65 ZONA 2,77563645,GONZALO VENTURA LUX,LEIVI MARIL͠MORALES GӍEZ,DIVERSIFICADO,PRIVADO,URBANA,ABIERTA,MONOLINGUE,MATUTINA,DIARIO(REGULAR),QUICHɼ/td>
14-01-0249-46,14-036,QUICHE,SANTA CRUZ DEL QUICHE,INSTITUTO PRIVADO TɃNICO INDUSTRIAL QUICHɼ/td>,"2A. AVENIDA ""A"" 14-224, ZONA 2",77563722,GONZALO VENTURA LUX,MARIO EDWIN MALDONADO FUENTES,DIVERSIFICADO,PRIVADO,URBANA,ABIERTA,MONOLINGUE,DOBLE,DIARIO(REGULAR),QUICHɼ/td>
14-01-0255-46,14-036,QUICHE,SANTA CRUZ DEL QUICHE,"INSTITUTO PRIVADO TɃNICO INDUSTRIAL ""QUICHɢ","2A. AVENIDA ""A"" 14-224, ZONA 2",77563722,GONZALO VENTURA LUX,MARIO EDWIN MALDONADO FUENTES,DIVERSIFICADO,PRIVADO,URBANA,ABIERTA,MONOLINGUE,DOBLE,FIN DE SEMANA,QUICHɼ/td>
14-01-1137-46,14-036,QUICHE,SANTA CRUZ DEL QUICHE,INSTITUTO PRIVADO MIXTO CIENCIA Y CULTURA,"1A. CALLE 13-41, ZONA 2",77563487,GONZALO VENTURA LUX,ELMER ROLANDO PACHECO NORIEGA,DIVERSIFICADO,PRIVADO,URBANA,ABIERTA,MONOLINGUE,DOBLE,FIN DE SEMANA,QUICHɼ/td>
14-01-3544-46,14-036,QUICHE,SANTA CRUZ DEL QUICHE,INSTITUTO PRIVADO TECNICO INDUSTRIAL QUICHE,"2A. AVENIDA ""A"" 14-224 ZONA 2",77553722,GONZALO VENTURA LUX,MARIO EDWIN MALDONADO FUENTES,DIVERSIFICADO,PRIVADO,URBANA,ABIERTA,MONOLINGUE,VESPERTINA,DIARIO(REGULAR),QUICHɼ/td>
14-01-3848-46,14-036,QUICHE,SANTA CRUZ DEL QUICHE,LICEO CRISTIANO SINAI,"CASA FINAL, COLONIA GUMARCAAJ",77551805,GONZALO VENTURA LUX,,DIVERSIFICADO,PRIVADO,URBANA,CERRADA TEMPORALMENTE,MONOLINGUE,VESPERTINA,DIARIO(REGULAR),QUICHɼ/td>
14-01-4550-46,14-036,QUICHE,SANTA CRUZ DEL QUICHE,LICEO MIXTO 'QUICHE',2AV. 6-27 ZONA 5,77551705,GONZALO VENTURA LUX,,DIVERSIFICADO,PRIVADO,URBANA,CERRADA TEMPORALMENTE,MONOLINGUE,DOBLE,SABATINO,QUICHɼ/td>
14-01-4555-46,14-036,QUICHE,SANTA CRUZ DEL QUICHE,COLEGIO EJECUTIVO PRE-UNIVERSITARIO EN COMPUTACION CLASSE,0 AVENIDA 8-24 A ZONA 6,77563714,GONZALO VENTURA LUX,CARLOS ALFONSO HERRERA LUIS,DIVERSIFICADO,PRIVADO,URBANA,ABIERTA,MONOLINGUE,VESPERTINA,DIARIO(REGULAR),QUICHɼ/td>
14-01-4970-46,25-000,QUICHE,SANTA CRUZ DEL QUICHE,INSTITUTO GUATEMALTECOD DE EDUCACION RADIOFONICA (IGER),SANTA CRUZ DEL QUICHE,,SONIA HAYDEE REYES MONTERROSO,,DIVERSIFICADO,PRIVADO,URBANA,CERRADA TEMPORALMENTE,MONOLINGUE,MATUTINA,A DISTANCIA,QUICHɼ/td>
14-01-5098-46,14-001,QUICHE,SANTA CRUZ DEL QUICHE,ESCUELA NORMAL DE EDUCACION FISICA,1A. AVENIDA 12-408 ZONA 5,77551091,JOSE OSCAR TIPAZ VELASQUEZ,,DIVERSIFICADO,OFICIAL,URBANA,ABIERTA,MONOLINGUE,DOBLE,DIARIO(REGULAR),QUICHɼ/td>
14-01-5221-46,14-002,QUICHE,SANTA CRUZ DEL QUICHE,ESCUELA NORMAL BILINGUE INTERCULTURAL KICHE TIJOBAL UTUX MAYAB WINAQ OXLAJUJ TZ I,"CASERIO BUENA VISTA, XATINAP V",77563721,JOSE OSCAR TIPAZ VELASQUEZ,FRANCISCO TZOC MEJIA,DIVERSIFICADO,OFICIAL,URBANA,ABIERTA,BILINGUE,DOBLE,DIARIO(REGULAR),QUICHɼ/td>
14-01-5679-46,14-036,QUICHE,SANTA CRUZ DEL QUICHE,LICEO TECNOLOGICO DE OCCIDENTE LA PREPARATORIA,5AV. 0-38 ZONA 1,77563645,GONZALO VENTURA LUX,,DIVERSIFICADO,PRIVADO,URBANA,ABIERTA,MONOLINGUE,VESPERTINA,DIARIO(REGULAR),QUICHɼ/td>
14-01-5718-46,14-036,QUICHE,SANTA CRUZ DEL QUICHE,COLEGIO EJECUTIVO PRE-UNIVERSITARIO EN COMPUTACION CLASSE,O AVENIDA 8-24 A ZONA 6,77551133,GONZALO VENTURA LUX,,DIVERSIFICADO,PRIVADO,URBANA,ABIERTA,MONOLINGUE,DOBLE,FIN DE SEMANA,QUICHɼ/td>
14-01-5958-46,14-036,QUICHE,SANTA CRUZ DEL QUICHE,COLEGIO CIENTIFICO DR. EDUARDO SUGER,ALDEA EL CARMEN CHITATUL,55747445,GONZALO VENTURA LUX,,DIVERSIFICADO,PRIVADO,RURAL,ABIERTA,MONOLINGUE,VESPERTINA,DIARIO(REGULAR),QUICHɼ/td>
14-01-5998-46,14-036,QUICHE,SANTA CRUZ DEL QUICHE,COLEGIO PRIVADO 'LICEO MIXTO QUICHE',2A. AVENIDA 6-27 ZONA 5,77551705,GONZALO VENTURA LUX,,DIVERSIFICADO,PRIVADO,URBANA,ABIERTA,MONOLINGUE,DOBLE,FIN DE SEMANA,QUICHɼ/td>
14-01-5999-46,14-036,QUICHE,SANTA CRUZ DEL QUICHE,COLEGIO PRIVADO 'LICEO MIXTO QUICHE',2A. AVENIDA 6-27 ZONA 5,77551705,GONZALO VENTURA LUX,,DIVERSIFICADO,PRIVADO,URBANA,ABIERTA,MONOLINGUE,VESPERTINA,DIARIO(REGULAR),QUICHɼ/td>
14-01-6070-46,14-036,QUICHE,SANTA CRUZ DEL QUICHE,COLEGIO MULTIEDUCATIVO 'LA REFORMA',9A AVENIDA 0-53 ZONA 3,77563633,GONZALO VENTURA LUX,,DIVERSIFICADO,PRIVADO,URBANA,ABIERTA,MONOLINGUE,VESPERTINA,DIARIO(REGULAR),QUICHɼ/td>
14-01-6071-46,14-036,QUICHE,SANTA CRUZ DEL QUICHE,COLEGIO MIXTO BILINGUE INTERCULTURAL Q IJ,11 CALLE 06-03 ZONA 1,77550476,GONZALO VENTURA LUX,TOMAS ALVAREZ ORTIZ,DIVERSIFICADO,PRIVADO,URBANA,ABIERTA,BILINGUE,VESPERTINA,DIARIO(REGULAR),QUICHɼ/td>
14-01-6083-46,14-036,QUICHE,SANTA CRUZ DEL QUICHE,COLEGIO MIXTO BILINGUE INTERCULTURAL 'Q'IJ',11 CALLE 06-03 ZONA 1,,GONZALO VENTURA LUX,,DIVERSIFICADO,PRIVADO,URBANA,CERRADA TEMPORALMENTE,BILINGUE,MATUTINA,DIARIO(REGULAR),QUICHɼ/td>
14-01-6123-46,14-001,QUICHE,SANTA CRUZ DEL QUICHE,INSTITUTO TECNICO DE NIVEL MEDIO,FINAL DE LA ZONA 4 COLONIA LOS CELAJES,47501929,JOSE OSCAR TIPAZ VELASQUEZ,GABRIELA ALEJANDRA AFRE PɒEZ DE DELGADO,DIVERSIFICADO,OFICIAL,URBANA,ABIERTA,MONOLINGUE,MATUTINA,DIARIO(REGULAR),QUICHɼ/td>
14-02-0027-46,14-003,QUICHE,CHICHE,"COLEGIO EVANGɌICO ""ADONAI""",CHICHɼ/td>,33587539,JUAN LEON PONCIO,FRANCISCO FELIX PIXCAR SAQUIC,DIVERSIFICADO,PRIVADO,URBANA,ABIERTA,MONOLINGUE,VESPERTINA,DIARIO(REGULAR),QUICHɼ/td>
14-03-0027-46,14-004,QUICHE,CHINIQUE,INSTITUTO NACIONAL DE EDUCACION DIVERSIFICADA,ALDEA AGUA TIBIA,0,OSBERTO FILADELFO RUIZ URIZAR,MIGUEL LUCAS PACHECO OSORIO,DIVERSIFICADO,OFICIAL,RURAL,ABIERTA,MONOLINGUE,VESPERTINA,DIARIO(REGULAR),QUICHɼ/td>
14-03-0040-46,14-004,QUICHE,CHINIQUE,INSTITUTO NACIONAL DE EDUCACION DIVERSIFICADA,ALDEA AGUA TIBIA,49869579,OSBERTO FILADELFO RUIZ URIZAR,MIGUEL LUCAS PACHECO,DIVERSIFICADO,OFICIAL,RURAL,CERRADA TEMPORALMENTE,MONOLINGUE,DOBLE,DIARIO(REGULAR),QUICHɼ/td>
14-04-0033-46,14-036,QUICHE,ZACUALPA,LICEO INTERCULTURAL ZACUALPA,4A. AVENIDA 3-43 ZONA 2,,GONZALO VENTURA LUX,MIGUEL ANGEL CORDOVA AREVALO,DIVERSIFICADO,PRIVADO,URBANA,CERRADA TEMPORALMENTE,MONOLINGUE,VESPERTINA,DIARIO(REGULAR),QUICHɼ/td>
14-04-0039-46,14-005,QUICHE,ZACUALPA,"CENTRO EDUCATIVO RI TINAMIT KUWALSAJ RIB, FE Y ALEGRIA NO. 11",ZACUALPA,77366135,ANA MARIA URIZAR CHAVEZ DE ROSALES,HUGO LEONEL BERREONDO CABRERA,DIVERSIFICADO,PRIVADO,URBANA,ABIERTA,MONOLINGUE,VESPERTINA,DIARIO(REGULAR),QUICHɼ/td>
14-04-0048-46,14-005,QUICHE,ZACUALPA,LICEO INTERCULTURAL ZACUALPA,"4A. AVENIDA 3-43, ZONA 2",57308053,ANA MARIA URIZAR CHAVEZ DE ROSALES,BYRON ESTUARDO SILVERIO ZAPETA REYNOZO,DIVERSIFICADO,PRIVADO,URBANA,ABIERTA,MONOLINGUE,DOBLE,FIN DE SEMANA,QUICHɼ/td>
14-04-0050-46,14-004,QUICHE,ZACUALPA,LICEO INTERCULTURAL ZACUALPA,"4A. AVENIDA 3-43, ZONA 2",53668614,OSBERTO FILADELFO RUIZ URIZAR,BYRON ESTUARDO SILVERIO ZAPETA REYNOZO,DIVERSIFICADO,PRIVADO,URBANA,CERRADA TEMPORALMENTE,MONOLINGUE,DOBLE,FIN DE SEMANA,QUICHɼ/td>
14-05-0061-46,14-006,QUICHE,CHAJUL,COLEGIO EVANGELICO METODISTA FILADELFIA,CANTON ILOM,45826616,HUGO LEONEL BLANCO AGUILAR,ROMUALDO PERFECTO SANTIAGO RAMIREZ,DIVERSIFICADO,PRIVADO,URBANA,ABIERTA,MONOLINGUE,VESPERTINA,DIARIO(REGULAR),QUICHɼ/td>
14-05-0066-46,14-036,QUICHE,CHAJUL,CENTRO EDUCATIVO MIXTO BILINGUE INTERCULTURAL KAJB AL NO J,ALDEA CHEL,49074250,GONZALO VENTURA LUX,ANGEL DOMINGO VASQUEZ GUZMAN,DIVERSIFICADO,PRIVADO,RURAL,CERRADA TEMPORALMENTE,MONOLINGUE,VESPERTINA,DIARIO(REGULAR),QUICHɼ/td>
14-05-0080-46,14-042,QUICHE,CHAJUL,INSTITUTO DIVERSIFICADO POR COOPERATIVA DE ENSEсNZA,AREA URBANA DE CHAJUL,32468657,MARTA CELIA VENTURA RAMIREZ,DOMINGO MENDOZA RIVERA,DIVERSIFICADO,COOPERATIVA,URBANA,ABIERTA,BILINGUE,MATUTINA,DIARIO(REGULAR),QUICHɼ/td>
14-05-0083-46,14-006,QUICHE,CHAJUL,INSTITUTO DIVERSIFICADO SOCIEDAD IXIL,CANTӎ CHAJUL,45947232,HUGO LEONEL BLANCO AGUILAR,HIGINIO GASPAR ASICONA RIVERA,DIVERSIFICADO,PRIVADO,URBANA,ABIERTA,BILINGUE,MATUTINA,DIARIO(REGULAR),QUICHɼ/td>
14-05-0084-46,14-006,QUICHE,CHAJUL,INSTITUTO DIVERSIFICADO MIXTO BILING܅,CANTӎ ILӍ,51843372,HUGO LEONEL BLANCO AGUILAR,PEDRO CEDILLO MARCOS,DIVERSIFICADO,PRIVADO,URBANA,ABIERTA,MONOLINGUE,MATUTINA,DIARIO(REGULAR),QUICHɼ/td>
14-05-5455-46,14-006,QUICHE,CHAJUL,INSTITUTO DIVERSIFICADO SOCIEDAD IXIL,CANTON ILOM,45947232,HUGO LEONEL BLANCO AGUILAR,ROMUALDO PERFECTO SANTIAGO RAMIREZ,DIVERSIFICADO,PRIVADO,URBANA,ABIERTA,MONOLINGUE,DOBLE,DIARIO(REGULAR),QUICHɼ/td>
14-05-5456-46,14-006,QUICHE,CHAJUL,INSTITUTO DIVERSIFICADO MIXTO BILINGUE,CHAJUL,,HUGO LEONEL BLANCO AGUILAR,PEDRO CEDILLO MARCOS,DIVERSIFICADO,PRIVADO,URBANA,ABIERTA,BILINGUE,MATUTINA,DIARIO(REGULAR),QUICHɼ/td>
14-06-0020-46,14-007,QUICHE,SANTO TOMAS CHICHICASTENANGO,INSTITUTO NACIONAL DE EDUCACION DIVERSIFICADA,"5A. AVENIDA ARCO GUCUMATZ 1-61, ZONA 1",42446716,JOSE DOMINGO DE PAZ GIRON,HELIA ROXANA TZOC CHINOL DE TAJIBOY,DIVERSIFICADO,OFICIAL,URBANA,ABIERTA,MONOLINGUE,VESPERTINA,DIARIO(REGULAR),QUICHɼ/td>
14-06-0038-46,14-007,QUICHE,SANTO TOMAS CHICHICASTENANGO,CENTRO EDUCATIVO ANUNCIATA,CHICHICASTENANGO,30922841,JOSE DOMINGO DE PAZ GIRON,OSCAR ARNOLDO GIRӎ SOTO,DIVERSIFICADO,PRIVADO,URBANA,ABIERTA,MONOLINGUE,MATUTINA,DIARIO(REGULAR),QUICHɼ/td>
14-06-0048-46,14-042,QUICHE,SANTO TOMAS CHICHICASTENANGO,INSTITUTO DIVERSIFICADO POR COOPERATIVA,CANTӎ CHICUA PRIMERO,58943514,MARTA CELIA VENTURA RAMIREZ,CARLOS LEON MEJIA,DIVERSIFICADO,COOPERATIVA,RURAL,ABIERTA,MONOLINGUE,VESPERTINA,DIARIO(REGULAR),QUICHɼ/td>
14-06-0049-46,14-042,QUICHE,SANTO TOMAS CHICHICASTENANGO,INSTITUTO DIVERSIFICADO POR COOPERATIVA,CANTӎ CHICUA PRIMERO,45497329,MARTA CELIA VENTURA RAMIREZ,CARLOS LEON MEJIA,DIVERSIFICADO,COOPERATIVA,RURAL,ABIERTA,BILINGUE,MATUTINA,DIARIO(REGULAR),QUICHɼ/td>
14-06-0060-46,14-042,QUICHE,SANTO TOMAS CHICHICASTENANGO,INSTITUTO DIVERSIFICADO DE EDUCACIӎ POR COOPERATIVA,CANTӎ CHUPOL,49487069,MARTA CELIA VENTURA RAMIREZ,MARITZA MARIBEL VENTURA SANTIAGO,DIVERSIFICADO,COOPERATIVA,RURAL,ABIERTA,MONOLINGUE,VESPERTINA,DIARIO(REGULAR),QUICHɼ/td>
14-06-1079-46,14-009,QUICHE,SANTO TOMAS CHICHICASTENANGO,ESCUELA DE CIENCIAS COMERCIALES,LOTIFICACION VILLAS DE SANTO TOMAS,55155179,ANA MARIA URIZAR CHAVEZ DE ROSALES,,DIVERSIFICADO,PRIVADO,URBANA,ABIERTA,MONOLINGUE,VESPERTINA,DIARIO(REGULAR),QUICHɼ/td>
14-06-3740-46,14-007,QUICHE,SANTO TOMAS CHICHICASTENANGO,INSTITUTO PRIVADO DE CIENCIAS SECRETARIALES,2A. CALLE 3-16 ZONA 1,51156813,JOSE DOMINGO DE PAZ GIRON,OSCAR ARNOLDOGIRӎ SOTO,DIVERSIFICADO,PRIVADO,URBANA,ABIERTA,MONOLINGUE,INTERMEDIA,DIARIO(REGULAR),QUICHɼ/td>
14-06-5093-46,14-008,QUICHE,SANTO TOMAS CHICHICASTENANGO,INSTITUTO TECNOLOGICO KICHE DE FORMACION Y PRODUCCION PARA EL DESARROLLO Y LA PAZ,5A. AV. ARCO GUCUMATZ 1-00,47729229,JORGE TIMOTEO SANTIAGO ULUAN,,DIVERSIFICADO,PRIVADO,URBANA,ABIERTA,MONOLINGUE,DOBLE,DIARIO(REGULAR),QUICHɼ/td>
14-06-5701-46,14-008,QUICHE,SANTO TOMAS CHICHICASTENANGO,CENTRO DE ESTUDIOS AVANZADOS NOJ -CEAN-,"EDIFICIO HUPTHEGROVE HAYS & DUKE, CANTON CHUJUPEN",47328814,JORGE TIMOTEO SANTIAGO ULUAN,BENITO CALEL VELSQUEZ,DIVERSIFICADO,PRIVADO,RURAL,ABIERTA,MONOLINGUE,DOBLE,FIN DE SEMANA,QUICHɼ/td>
14-06-5967-46,14-009,QUICHE,SANTO TOMAS CHICHICASTENANGO,INSTITUTO TECNOLOGICO CHUPOL,CANTON CHUPOL,46299260,ANA MARIA URIZAR CHAVEZ DE ROSALES,SEBASTIAN LARES CALEL,DIVERSIFICADO,PRIVADO,RURAL,ABIERTA,MONOLINGUE,VESPERTINA,DIARIO(REGULAR),QUICHɼ/td>
14-07-0009-46,14-010,QUICHE,PATZITE,INSTITUTO NACIONAL DE EDUCACION DIVERSIFICADA,REA URBANA,51702948,MARVIN ELI RAMOS ROSALES,AARӎ FELIPE GONZLEZ BARRIOS,DIVERSIFICADO,OFICIAL,URBANA,ABIERTA,MONOLINGUE,VESPERTINA,DIARIO(REGULAR),QUICHɼ/td>
14-08-0033-46,14-011,QUICHE,SAN ANTONIO ILOTENANGO,COLEGIO PRE-UNIVERSITARIO NUEVO MILENIO,"4TA. CALLE 2-119, ZONA 1",45770209,CLAUDIA CLEODOMIRA QUIяNEZ MENDEZ,JENNIFER CATALINA VILLATORO GIL,DIVERSIFICADO,PRIVADO,URBANA,ABIERTA,MONOLINGUE,VESPERTINA,DIARIO(REGULAR),QUICHɼ/td>
14-08-6084-46,14-011,QUICHE,SAN ANTONIO ILOTENANGO,INSTITUTO EDUCATIVO PARA EL DESARROLLO EMPRESARIAL Y SOCIAL IDES,CABECERA MUNICIPAL,51953732,CLAUDIA CLEODOMIRA QUIяNEZ MENDEZ,TIMOTEO LڃAS CCOR,DIVERSIFICADO,PRIVADO,URBANA,ABIERTA,BILINGUE,VESPERTINA,DIARIO(REGULAR),QUICHɼ/td>
14-09-0068-46,14-047,QUICHE,SAN PEDRO JOCOPILAS,"CENTRO EDUCATIVO MIXTO BILINGUE INTERCULTURAL UNO JB AL XOKOPILA , CEMBI","CANTON CENTRAL, SALIDA AL CANTON CHITUCUR I",49179596,LUIS FERNANDO GIL GONZALEZ,SANTA GRAVE TAMUP DE ORDOхZ,DIVERSIFICADO,PRIVADO,RURAL,ABIERTA,BILINGUE,VESPERTINA,DIARIO(REGULAR),QUICHɼ/td>
14-09-0074-46,14-047,QUICHE,SAN PEDRO JOCOPILAS,COLEGIO MIXTO INTERCULTURAL BILING܅ SAN JOSɼ/td>,ALDEA SAN JOSɠEL TUNAL,58095787,LUIS FERNANDO GIL GONZALEZ,ZOILA HAYDɅ FLORES GUTIERREZ,DIVERSIFICADO,PRIVADO,RURAL,ABIERTA,MONOLINGUE,VESPERTINA,DIARIO(REGULAR),QUICHɼ/td>
14-10-0056-46,14-053,QUICHE,CUNEN,COLEGIO EVANGELICO MIXTO CHIUL-CEMC,ALDEA CHIUL,,JACINTO HERNANDEZ BOTON,CARLOS ALFREDO ESCOBAR RIVAS,DIVERSIFICADO,PRIVADO,RURAL,ABIERTA,BILINGUE,VESPERTINA,DIARIO(REGULAR),QUICHɼ/td>
14-10-0059-46,14-053,QUICHE,CUNEN,INSTITUTO NACIONAL DE EDUCACION DIVERSIFICADA,BARRIO SAN JUAN,,JACINTO HERNANDEZ BOTON,AGUSTIN PU RODRIGUEZ,DIVERSIFICADO,OFICIAL,URBANA,ABIERTA,MONOLINGUE,VESPERTINA,DIARIO(REGULAR),QUICHɼ/td>
14-10-0077-46,14-013,QUICHE,CUNEN,"COLEGIO MIXTO BILING܅ INTERCULTURAL ""HERMANO OSCAR AZMITIA""",BARRRIO SAN FRANCISCO,31406438,TOMAS GARCIA PEREZ,MIGUEL ANGEL CAMAJ|/td>,DIVERSIFICADO,PRIVADO,URBANA,ABIERTA,BILINGUE,DOBLE,FIN DE SEMANA,QUICHɼ/td>
14-10-0078-46,14-013,QUICHE,CUNEN,"COLEGIO MIXTO BILING܅ INTERCULTURAL ""HERMANO OSCAR AZMITIA""",BARRRIO SAN FRANCISCO,31406438,TOMAS GARCIA PEREZ,MIGUEL ANGEL CAMAJ|/td>,DIVERSIFICADO,PRIVADO,URBANA,ABIERTA,BILINGUE,NOCTURNA,DIARIO(REGULAR),QUICHɼ/td>
14-10-0079-46,14-013,QUICHE,CUNEN,"COLEGIO MIXTO BILING܅ INTERCULTURAL ""HERMANO OSCAR AZMITIA""",BARRRIO SAN FRANCISCO,77555208,TOMAS GARCIA PEREZ,MIGUEL ANGEL CAMAJ|/td>,DIVERSIFICADO,PRIVADO,URBANA,ABIERTA,BILINGUE,NOCTURNA,DIARIO(REGULAR),QUICHɼ/td>
14-10-0092-46,14-013,QUICHE,CUNEN,"COLEGIO MIXTO BILING܅ INTERCULTURAL"" HERMANO OSCAR AZMITIA",AREA URBANA,77555208,TOMAS GARCIA PEREZ,MIGUEL ANGEL CAMAJ`CABRERA,DIVERSIFICADO,PRIVADO,URBANA,CERRADA TEMPORALMENTE,BILINGUE,NOCTURNA,DIARIO(REGULAR),QUICHɼ/td>
14-10-4571-46,14-013,QUICHE,CUNEN,"COLEGIO MIXTO BILINGUE INTERCULTURAL ""HERMANO OSCAR AZMITIA""",BARRIO SAN FRANCISCO,58230024,TOMAS GARCIA PEREZ,MIGUEL ANGEL CAMAJA CABRERA,DIVERSIFICADO,PRIVADO,URBANA,ABIERTA,BILINGUE,VESPERTINA,DIARIO(REGULAR),QUICHɼ/td>
14-11-0043-46,14-015,QUICHE,SAN JUAN COTZAL,COLEGIO TECNOLOGICO INTEGRAL IBOAC,CANTON TIXAXCAP,51287718,BAYRON ROLANDO VILLATORO NORIEGA,NICOLS GARĆ GARĆ,DIVERSIFICADO,PRIVADO,URBANA,ABIERTA,MONOLINGUE,VESPERTINA,DIARIO(REGULAR),QUICHɼ/td>
14-11-0045-46,14-015,QUICHE,SAN JUAN COTZAL,INSTITUTO MUNICIPAL DE EDUCACION BSICA Y BACHILLERATO POR MADUREZ SAN JUAN,CANTӎ TUCORAL,57259956,BAYRON ROLANDO VILLATORO NORIEGA,TOMAS CHAMAY AGUILAR,DIVERSIFICADO,MUNICIPAL,URBANA,ABIERTA,MONOLINGUE,DOBLE,FIN DE SEMANA,QUICHɼ/td>
14-11-5000-46,14-042,QUICHE,SAN JUAN COTZAL,INSTITUTO NORMAL MIXTO DIVERSIFICADO POR COOPERATIVA,CANTON TUCORAL,31105132,MARTA CELIA VENTURA RAMIREZ,,DIVERSIFICADO,COOPERATIVA,URBANA,ABIERTA,MONOLINGUE,VESPERTINA,DIARIO(REGULAR),QUICHɼ/td>
14-12-0058-46,14-039,QUICHE,JOYABAJ,"COLEGIO EVANGELICO METODISTA ""BEREA""",LOTIFICACION LOS ROBLES,50484996,ANA ESTER URIZAR GIL DE VILLATORO,ARSENIA MARISOL JIMɎEZ HERRERA PɒEZ,DIVERSIFICADO,PRIVADO,URBANA,ABIERTA,MONOLINGUE,MATUTINA,DIARIO(REGULAR),QUICHɼ/td>
14-12-0059-46,14-017,QUICHE,JOYABAJ,INSTITUTO TECNOLOGICO DE ESTUDIOS AVANZADOS JOYABAJ,BARRIO LA DEMOCRACIA,42169753,CLEMENTE SANCHEZ MARROQUIN,EDGAR LEONEL CABRERA MENDEZ,DIVERSIFICADO,PRIVADO,URBANA,ABIERTA,MONOLINGUE,VESPERTINA,DIARIO(REGULAR),QUICHɼ/td>
14-12-0083-46,14-048,QUICHE,JOYABAJ,INSTITUTO PRIVADO MIXTO JOYABAJ,BARRIO LA LIBERTAD,54828583,ANA ESTER URIZAR GIL DE VILLATORO,EUBELIO AROLDO SOTO SANTOS,DIVERSIFICADO,PRIVADO,URBANA,ABIERTA,MONOLINGUE,MATUTINA,DIARIO(REGULAR),QUICHɼ/td>
14-12-0106-46,14-042,QUICHE,JOYABAJ,INSTITUTO DIVERSIFICADO POR COOPERATIVA FLORENCIO CARRASCOZA,BARRIO LA LIBERTAD,30441452,MARTA CELIA VENTURA RAMIREZ,HIPOLITA ANGELICA SANTOS QUIROA,DIVERSIFICADO,COOPERATIVA,URBANA,ABIERTA,BILINGUE,VESPERTINA,DIARIO(REGULAR),QUICHɼ/td>
14-12-0113-46,14-048,QUICHE,JOYABAJ,INSTITUTO NACIONAL DE EDUCACIӎ DIVERSIFICADA,CASER͏ LOS LLANOS,40498548,ANA ESTER URIZAR GIL DE VILLATORO,FRANCISCA MARIBEL DUBON LARIOS,DIVERSIFICADO,OFICIAL,RURAL,ABIERTA,MONOLINGUE,VESPERTINA,DIARIO(REGULAR),QUICHɼ/td>
14-12-0122-46,14-048,QUICHE,JOYABAJ,"LICEO PRIVADO ""SANTA MAŔ""",BARRIO LA LIBERTAD,59353501,ANA ESTER URIZAR GIL DE VILLATORO,EUBELIO AROLDO SOTO SANTOS,DIVERSIFICADO,PRIVADO,URBANA,CERRADA TEMPORALMENTE,MONOLINGUE,DOBLE,FIN DE SEMANA,QUICHɼ/td>
14-12-0125-46,14-048,QUICHE,JOYABAJ,"LICEO PRIVADO ""SANTA MARIA""",BARRIO LA LIBERTAD,59353501,ANA ESTER URIZAR GIL DE VILLATORO,EUBELIO AROLDO SOTO SANTOS,DIVERSIFICADO,PRIVADO,URBANA,ABIERTA,MONOLINGUE,DOBLE,FIN DE SEMANA,QUICHɼ/td>
14-12-0501-46,14-017,QUICHE,JOYABAJ,ESCUELA PARTICULAR MIXTA JOYABATECA DE CIENCIAS COMERCIALES,BARRIO CENTRAL,77559379,CLEMENTE SANCHEZ MARROQUIN,,DIVERSIFICADO,PRIVADO,URBANA,ABIERTA,MONOLINGUE,VESPERTINA,DIARIO(REGULAR),QUICHɼ/td>
14-12-1093-46,14-048,QUICHE,JOYABAJ,INSTITUTO PRIVADO MIXTO JOYABAJ,BARRIO LA LIBERTAD,59353501,ANA ESTER URIZAR GIL DE VILLATORO,,DIVERSIFICADO,PRIVADO,URBANA,ABIERTA,MONOLINGUE,VESPERTINA,DIARIO(REGULAR),QUICHɼ/td>
14-13-0001-46,14-049,QUICHE,NEBAJ,CENTRO DE ESTUDIOS AVANZADOS P & C,3A. AV. 10-30 ZONA 5,77560014,JACINTO GOMEZ CEDILLO,ENRIQUE POL SAQUIC,DIVERSIFICADO,PRIVADO,URBANA,ABIERTA,MONOLINGUE,MATUTINA,DIARIO(REGULAR),QUICHɼ/td>
14-13-0068-46,14-049,QUICHE,NEBAJ,INSTITUTO NACIONAL DE EDUCACION DIVERSIFICADA,CANTON VICOTZ,49420095,JACINTO GOMEZ CEDILLO,AROLDO RIVAS PɒEZ,DIVERSIFICADO,OFICIAL,URBANA,ABIERTA,MONOLINGUE,VESPERTINA,DIARIO(REGULAR),QUICHɼ/td>
14-13-0095-46,14-019,QUICHE,NEBAJ,"COLEGIO PRIVADO MIXTO ""JESUS RUANO MORENO""",CANTON XOLACUL,30839684,FERNANDO PEDRO LOPEZ DE LEON,JESړ BRITO RAYMUNDO,DIVERSIFICADO,PRIVADO,URBANA,ABIERTA,BILINGUE,VESPERTINA,DIARIO(REGULAR),QUICHɼ/td>
14-13-0100-46,14-020,QUICHE,NEBAJ,CENTRO DE EDUCACION MIXTO DE DIVERSIFICADO IXIL -CEMDI-,ALDEA SALQUIL GRANDE,46415714,FELIX GASPAR CEDILLO CETO,LEONEL JACINTO CETO BRITO,DIVERSIFICADO,PRIVADO,RURAL,ABIERTA,MONOLINGUE,VESPERTINA,DIARIO(REGULAR),QUICHɼ/td>
14-13-0114-46,14-019,QUICHE,NEBAJ,COLEGIO CRISTIANO NICOLS,CANTӎ JOLOPXAN,30355886,FERNANDO PEDRO LOPEZ DE LEON,WILMAR RODOLGO VELSQUEZ PALACIOS,DIVERSIFICADO,PRIVADO,URBANA,ABIERTA,MONOLINGUE,MATUTINA,DIARIO(REGULAR),QUICHɼ/td>
14-13-0118-46,14-019,QUICHE,NEBAJ,"COLEGIO PRIVADO MIXTO ""JESړ RUANO MORENO""",CANTӎ XOLACUL,30839684,FERNANDO PEDRO LOPEZ DE LEON,JESUS BRITO RAYMUNDO,DIVERSIFICADO,PRIVADO,URBANA,ABIERTA,MONOLINGUE,DOBLE,FIN DE SEMANA,QUICHɼ/td>
14-13-0120-46,14-049,QUICHE,NEBAJ,INSTITUTO NACIONAL DE EDUCACIӎ DIVERSIFICADA,CANTӎ VICOTZ,30187735,JACINTO GOMEZ CEDILLO,AROLDO RIVAS PɒEZ,DIVERSIFICADO,OFICIAL,URBANA,ABIERTA,MONOLINGUE,DOBLE,DIARIO(REGULAR),QUICHɼ/td>
14-13-0956-46,14-036,QUICHE,NEBAJ,INSTITUTO PRIVADO MIXTO DE EDUCACION DIVERSIFICADA 'JESUS RUANO MORENO',CANTON XOLACUL,77560020,GONZALO VENTURA LUX,,DIVERSIFICADO,PRIVADO,URBANA,CERRADA TEMPORALMENTE,MONOLINGUE,VESPERTINA,DIARIO(REGULAR),QUICHɼ/td>
14-13-1096-46,,QUICHE,NEBAJ,EORM,ALDEA XECOTZ,,,,DIVERSIFICADO,OFICIAL,RURAL,CERRADA TEMPORALMENTE,MONOLINGUE,MATUTINA,DIARIO(REGULAR),QUICHɼ/td>
14-13-4572-46,14-020,QUICHE,NEBAJ,INSTITUTO MIXTO DIVERSIFICADO IXIL,CANTON SIMOCOL,77558103,FELIX GASPAR CEDILLO CETO,FULGENCIO ANDRɓ TERRAZA DE LEӎ,DIVERSIFICADO,PRIVADO,URBANA,ABIERTA,MONOLINGUE,VESPERTINA,DIARIO(REGULAR),QUICHɼ/td>
14-13-5279-46,14-019,QUICHE,NEBAJ,COLEGIO PRIVADO MIXTO MOLINA CASTILLO,CABECERA MUNICIPAL,50939694,FERNANDO PEDRO LOPEZ DE LEON,JULIO FABIN ABAC DE LEӎ,DIVERSIFICADO,PRIVADO,URBANA,ABIERTA,MONOLINGUE,MATUTINA,DIARIO(REGULAR),QUICHɼ/td>
14-13-5422-46,14-018,QUICHE,NEBAJ,"ESCUELA NORMAL BILINGUE INTERCULTURAL IXIL, CHUSBAL TU YOLBAL ITUXH MAM KUKUY, OXLAVAL TXII",CANTON XOLACUL ZONA 3,53068315,ARACELY GENOVEVA CHITOP AGUARE,MARIO ABRAHAM CHEL MATӍ,DIVERSIFICADO,OFICIAL,RURAL,ABIERTA,BILINGUE,MATUTINA,DIARIO(REGULAR),QUICHɼ/td>
14-13-5489-46,14-018,QUICHE,NEBAJ,COLEGIO EVANGELICO MIXTO BETHANIA,CANTON JACTZAL,51402302,ARACELY GENOVEVA CHITOP AGUARE,JOSE SANTIAGO SOL͓,DIVERSIFICADO,PRIVADO,URBANA,CERRADA TEMPORALMENTE,MONOLINGUE,VESPERTINA,DIARIO(REGULAR),QUICHɼ/td>
14-13-5665-46,14-049,QUICHE,NEBAJ,CENTRO DE ESTUDIOS INTEGRADOS TECNOLOGICO NEBAJ,CABECERA MUNICIPAL,30049885,JACINTO GOMEZ CEDILLO,DIEGO CHVEZ GUZARO,DIVERSIFICADO,PRIVADO,RURAL,ABIERTA,MONOLINGUE,VESPERTINA,DIARIO(REGULAR),QUICHɼ/td>
14-13-6090-46,14-036,QUICHE,NEBAJ,CENTRO DE ESTUDIOS AVANZADOS P&C,3A. AV. 10-30 ZONA 5,77560133,GONZALO VENTURA LUX,,DIVERSIFICADO,PRIVADO,URBANA,CERRADA TEMPORALMENTE,MONOLINGUE,INTERMEDIA,DIARIO(REGULAR),QUICHɼ/td>
14-14-0024-46,14-022,QUICHE,SAN ANDRES SAJCABAJA,INSTITUTO NACIONAL DE EDUCACION DIVERSIFICADA,1A. AVENIDA 1-29 ZONA 1,33390301,FERNANDO ROGELIO LOPEZ GALINDO,---,DIVERSIFICADO,OFICIAL,URBANA,ABIERTA,MONOLINGUE,VESPERTINA,DIARIO(REGULAR),QUICHɼ/td>
14-14-0040-46,14-036,QUICHE,SAN ANDRES SAJCABAJA,INSTITUTO NORMAL MIXTO SAN ANDRES,1RA. AV. 2-27 ZONA 1,59712633,GONZALO VENTURA LUX,FELIPE VILLATORO MENEDEZ,DIVERSIFICADO,PRIVADO,URBANA,ABIERTA,BILINGUE,MATUTINA,DIARIO(REGULAR),QUICHɼ/td>
14-14-0063-46,14-036,QUICHE,SAN ANDRES SAJCABAJA,"INSTITUTO NORMAL MIXTO ""SAN ANDRɓ""","1RA. AVENIDA 2-27, ZONA 1",59712633,GONZALO VENTURA LUX,FELIPE VILLATORO MENɎDEZ,DIVERSIFICADO,PRIVADO,URBANA,ABIERTA,MONOLINGUE,DOBLE,FIN DE SEMANA,QUICHɼ/td>
14-14-5492-46,14-036,QUICHE,SAN ANDRES SAJCABAJA,INSTITUTO NORMAL MIXTO SAN ANDRES,1A. AV. 2-27 ZONA 1,59712633,GONZALO VENTURA LUX,,DIVERSIFICADO,PRIVADO,URBANA,ABIERTA,MONOLINGUE,VESPERTINA,DIARIO(REGULAR),QUICHɼ/td>
14-15-0103-46,14-045,QUICHE,SAN MIGUEL USPANTAN,INSTITUTO NACIONAL DE EDUCACION DIVERSIFICADA,ALDEA SAQUIXPEC,48805993,SILVERIO CHOC TOC,---,DIVERSIFICADO,OFICIAL,RURAL,ABIERTA,MONOLINGUE,VESPERTINA,DIARIO(REGULAR),QUICHɼ/td>
14-15-0104-46,14-045,QUICHE,SAN MIGUEL USPANTAN,INSTITUTO NACIONAL DE EDUCACION DIVERSIFICADA,ALDEA SAN ANTONIO LA NUEVA ESPERANZA,,SILVERIO CHOC TOC,---,DIVERSIFICADO,OFICIAL,RURAL,CERRADA TEMPORALMENTE,MONOLINGUE,VESPERTINA,DIARIO(REGULAR),QUICHɼ/td>
14-15-0214-46,14-042,QUICHE,SAN MIGUEL USPANTAN,INSTITUTO MIXTO DE EDUCACION DIVERSIFICADA POR COOPERATIVA MARIO DEL VALLE,ALDEA LANCETILLO LA PARROQUIA,51519120,MARTA CELIA VENTURA RAMIREZ,ANGEL TIPAZ JUAREZ,DIVERSIFICADO,COOPERATIVA,RURAL,ABIERTA,BILINGUE,VESPERTINA,DIARIO(REGULAR),QUICHɼ/td>
14-15-0215-46,14-025,QUICHE,SAN MIGUEL USPANTAN,LICEO MIXTO SAN MIGUEL,SAN MIGUEL USPANTAN,45054092,HEIDY ENID IVONNE FIGUEROA PEREZ DE NORIEGA,JUAN VENTURA SOC,DIVERSIFICADO,PRIVADO,URBANA,ABIERTA,MONOLINGUE,DOBLE,FIN DE SEMANA,QUICHɼ/td>
14-15-0217-46,14-025,QUICHE,SAN MIGUEL USPANTAN,LICEO MIXTO SAN MIGUEL,SAN MIGUEL USPANTAN,45054092,HEIDY ENID IVONNE FIGUEROA PEREZ DE NORIEGA,JUAN VENTURA SOC,DIVERSIFICADO,PRIVADO,URBANA,ABIERTA,MONOLINGUE,DOBLE,FIN DE SEMANA,QUICHɼ/td>
14-15-0220-46,14-042,QUICHE,SAN MIGUEL USPANTAN,INSTITUTO MIXTO DE EDUCACIӎ DIVERSIFICADA POR COOPERATIVA DE ENSEсNZA,ALDEA SAN ANTONIO LA NUEVA ESPERANZA,40327389,MARTA CELIA VENTURA RAMIREZ,LUCIANO ALVAREZ SANTIAGO,DIVERSIFICADO,COOPERATIVA,RURAL,ABIERTA,MONOLINGUE,VESPERTINA,DIARIO(REGULAR),QUICHɼ/td>
14-15-0232-46,14-024,QUICHE,SAN MIGUEL USPANTAN,INSTITUTO MUNICIPAL DE MAGISTERIO BILING܅ INTERCULTURAL USPANTEKO,USPANTAN,45740035,HEIDY ENID IVONNE FIGUEROA PEREZ DE NORIEGA,INGRID US MɎDEZ,DIVERSIFICADO,PRIVADO,URBANA,ABIERTA,MONOLINGUE,MATUTINA,DIARIO(REGULAR),QUICHɼ/td>
14-15-0235-46,14-024,QUICHE,SAN MIGUEL USPANTAN,"COLEGIO EVANGɌICO METODISTA ""MARANATHA""",4A. AVENIDA 7A. CALLE ZONA 1,79518432,HEIDY ENID IVONNE FIGUEROA PEREZ DE NORIEGA,RONY GAMALIEL RODAS GARCIA,DIVERSIFICADO,PRIVADO,URBANA,ABIERTA,MONOLINGUE,VESPERTINA,DIARIO(REGULAR),QUICHɼ/td>
14-15-0249-46,14-025,QUICHE,SAN MIGUEL USPANTAN,"COLEGIO EVANGɌICO METODISTA ""MARANATHA""",7A. AVENIDA Y 4A. CALLE ZONA 1,79518432,HEIDY ENID IVONNE FIGUEROA PEREZ DE NORIEGA,RONY GAMALIEL RODAS GARĆ,DIVERSIFICADO,PRIVADO,URBANA,ABIERTA,MONOLINGUE,VESPERTINA,DIARIO(REGULAR),QUICHɼ/td>
14-15-0250-46,14-045,QUICHE,SAN MIGUEL USPANTAN,CENTRO EDUCATIVO PRIVADO TALITA KUMI,ALDEA CAMPAMAC,79515610,SILVERIO CHOC TOC,PABLO LӐEZ RAYMUNDO,DIVERSIFICADO,PRIVADO,RURAL,ABIERTA,MONOLINGUE,MATUTINA,DIARIO(REGULAR),QUICHɼ/td>
14-15-0251-46,14-045,QUICHE,SAN MIGUEL USPANTAN,CENTRO EDUCATIVO PRIVADO TALITA KUMI,ALDEA CAMPAMAC,79515610,SILVERIO CHOC TOC,PABLO LӐEZ RAYMUNDO,DIVERSIFICADO,PRIVADO,RURAL,ABIERTA,MONOLINGUE,VESPERTINA,DIARIO(REGULAR),QUICHɼ/td>
14-15-4573-46,14-023,QUICHE,SAN MIGUEL USPANTAN,INSTITUTO TECNICO MAYA EN RECURSOS NATURALES,6A. AVENIDA Y 4A. CALLE ESQUINA ZONA 1,41453127,HEIDY ENID IVONNE FIGUEROA PEREZ DE NORIEGA,WILMA ELIZABETH CAAL CAAL,DIVERSIFICADO,PRIVADO,URBANA,ABIERTA,MONOLINGUE,DOBLE,DIARIO(REGULAR),QUICHɼ/td>
14-15-5319-46,14-024,QUICHE,SAN MIGUEL USPANTAN,COLEGIO EVANGELICO METODISTA MARANATHA,4A. AVENIDA Y 7A. CALLE ZONA 1,79518432,HEIDY ENID IVONNE FIGUEROA PEREZ DE NORIEGA,RONY GAMALIEL RODAS GARĆ,DIVERSIFICADO,PRIVADO,URBANA,ABIERTA,MONOLINGUE,DOBLE,DIARIO(REGULAR),QUICHɼ/td>
14-15-5412-46,14-024,QUICHE,SAN MIGUEL USPANTAN,INSTITUTO MUNICIPAL DE MAGISTERIO BILINGUE INTERCULTURAL USPANTEKO,4A. AVENIDA 3-36 ZONA 2,40210674,HEIDY ENID IVONNE FIGUEROA PEREZ DE NORIEGA,,DIVERSIFICADO,MUNICIPAL,URBANA,ABIERTA,BILINGUE,VESPERTINA,DIARIO(REGULAR),QUICHɼ/td>
14-15-6099-46,14-023,QUICHE,SAN MIGUEL USPANTAN,INSTITUTO TECNOLOGICO DE ESTUDIOS AVANZADOS USPANTAN,CABECERA MUNICIPAL,45054092,HEIDY ENID IVONNE FIGUEROA PEREZ DE NORIEGA,,DIVERSIFICADO,PRIVADO,URBANA,ABIERTA,MONOLINGUE,VESPERTINA,DIARIO(REGULAR),QUICHɼ/td>
14-16-0093-46,14-026,QUICHE,SACAPULAS,INSTITUTO MUNICIPAL DE SACAPULAS -IMSAC-,CASER͏ CHUPACAY,58808845,ARDANY HERMENEGILDO SANTOS ESCOBAR,JOSɠPɒEZ ALVARADO,DIVERSIFICADO,PRIVADO,URBANA,ABIERTA,MONOLINGUE,VESPERTINA,DIARIO(REGULAR),QUICHɼ/td>
14-16-5259-46,14-040,QUICHE,SACAPULAS,LICEO SACAPULAS,BARRIO SAN FRANCISCO,57302956,JAVIER LUX CHIVALAN,,DIVERSIFICADO,PRIVADO,URBANA,ABIERTA,BILINGUE,VESPERTINA,DIARIO(REGULAR),QUICHɼ/td>
14-16-5260-46,14-026,QUICHE,SACAPULAS,COLEGIO PRIVADO MIXTO BILINGUE TUJAAL,BARRIO SAN SEBASTIAN,40217500,ARDANY HERMENEGILDO SANTOS ESCOBAR,,DIVERSIFICADO,PRIVADO,URBANA,ABIERTA,MONOLINGUE,VESPERTINA,DIARIO(REGULAR),QUICHɼ/td>
14-18-0004-46,14-029,QUICHE,CANILLA,CENTRO EDUCATIVO PLURICULTURAL,4TA CALLE 3-25 ZONA 4,56299833,FRANCISCO VICENTE ICHOP,EDY JOSELO MARTINEZ ASPUAC,DIVERSIFICADO,PRIVADO,URBANA,ABIERTA,MONOLINGUE,VESPERTINA,DIARIO(REGULAR),QUICHɼ/td>
14-18-0032-46,14-029,QUICHE,CANILLA,"INSTITUTO PRIVADO DE EDUCACIӎ DIVERSIFICADO ""ADONAI""",CANILL|/td>,30318848,FRANCISCO VICENTE ICHOP,GREGORY MARK WALTON,DIVERSIFICADO,PRIVADO,URBANA,CERRADA TEMPORALMENTE,MONOLINGUE,MATUTINA,DIARIO(REGULAR),QUICHɼ/td>
14-18-0038-46,14-037,QUICHE,CANILLA,CENTRO DE EDUCACIӎ EXTRAESCOLAR -CEEX-,1A. AV. 5-31 ZONA 3,45680836,GREGORIO LOL HERNANDEZ,ELIEZER UZIAS RODR͇UEZ SICAL,DIVERSIFICADO,OFICIAL,URBANA,ABIERTA,MONOLINGUE,MATUTINA,DIARIO(REGULAR),QUICHɼ/td>
14-18-5508-46,14-029,QUICHE,CANILLA,'INSTITUTO MUNICIPAL DE MAGISTERIO INTERCULTURAL',"1A. AVENIDA 5-31 ZONA 3, CANILLA",30967980,FRANCISCO VICENTE ICHOP,,DIVERSIFICADO,MUNICIPAL,URBANA,ABIERTA,MONOLINGUE,VESPERTINA,DIARIO(REGULAR),QUICHɼ/td>
14-19-0055-46,14-050,QUICHE,CHICAMAN,INSTITUTO NACIONAL DE EDUCACION DIVERSIFICADA -INED-,"BARRIO SAN PEDRO BELEJU, ALDEA BELEJU",32233166,FRANCISCO ICAL JOM,MARCO ANTONIO GAMARRO HERNNDEZ,DIVERSIFICADO,OFICIAL,RURAL,ABIERTA,MONOLINGUE,VESPERTINA,DIARIO(REGULAR),QUICHɼ/td>
14-19-0079-46,14-030,QUICHE,CHICAMAN,INSTITUTO TECNOLӇICO MUNICIPAL DE CHICAMN,"4A. AVENIDA 1-62 ZONA 1, CHICHICAMN",30265944,JOSE ALBERTO HERNANDEZ GAMARRO,GUANER ALFONSO VSQUEZ LEMUS,DIVERSIFICADO,PRIVADO,URBANA,ABIERTA,MONOLINGUE,VESPERTINA,DIARIO(REGULAR),QUICHɼ/td>
14-19-0081-46,14-050,QUICHE,CHICAMAN,INSTITUTO MUNICIPAL DE EDUCACIӎ DIVERSIFICADA BELEJڼ/td>,"BARRIO SAN SEBASTIN, ALDEA BELEJڼ/td>",31539594,FRANCISCO ICAL JOM,RICARDO MORN VIN,DIVERSIFICADO,PRIVADO,RURAL,ABIERTA,MONOLINGUE,VESPERTINA,DIARIO(REGULAR),QUICHɼ/td>
14-19-0084-46,14-030,QUICHE,CHICAMAN,"""COLEGIO MIXTO CIENCIA Y DESARROLLO CHICAMN""",3A. CALLE 3-30 ZONA 2,58878991,JOSE ALBERTO HERNANDEZ GAMARRO,WILSON SOBERANIZ SOTO,DIVERSIFICADO,PRIVADO,URBANA,ABIERTA,MONOLINGUE,DOBLE,FIN DE SEMANA,QUICHɼ/td>
14-19-0085-46,14-030,QUICHE,CHICAMAN,"""COLEGIO MIXTO CIENCIA Y DESARROLLO CHICAMN""",3A. CALLE 3-30 ZONA 2,58878991,JOSE ALBERTO HERNANDEZ GAMARRO,WILSON SOBERNIZ SOTO,DIVERSIFICADO,PRIVADO,URBANA,ABIERTA,MONOLINGUE,DOBLE,FIN DE SEMANA,QUICHɼ/td>
14-19-0089-46,14-050,QUICHE,CHICAMAN,"COLEGIO MULTILING܅ INTERCULTURAL TECNOLӇICO PAJUIL JUAN JOSɠARɖALO BERMEJO ""COMITEC-PAJUIL""",ALDEA PAJUIL,30305216,FRANCISCO ICAL JOM,CARLOS LEM CAC,DIVERSIFICADO,PRIVADO,RURAL,ABIERTA,BILINGUE,VESPERTINA,DIARIO(REGULAR),QUICHɼ/td>
14-19-5511-46,14-042,QUICHE,CHICAMAN,INSTITUTO NORMAL MIXTO DIVERSIFICADO POR COOPERATIVA,"4A. AV. 1-62 ZONA 1, CHICAMAN",77633770,MARTA CELIA VENTURA RAMIREZ,,DIVERSIFICADO,COOPERATIVA,URBANA,ABIERTA,MONOLINGUE,VESPERTINA,DIARIO(REGULAR),QUICHɼ/td>
14-20-0124-46,14-051,QUICHE,IXCAN,INSTITUTO NORMAL MIXTO CIENCIA Y ARTE,ZONA 1 PLAYA GRANDE,58908465,LUIS ANTULIO MATEO PASCUAL,HECTOR ALFONSO BEB CAAL,DIVERSIFICADO,PRIVADO,URBANA,ABIERTA,MONOLINGUE,VESPERTINA,DIARIO(REGULAR),QUICHɼ/td>
14-20-0126-46,14-051,QUICHE,IXCAN,INSTITUTO NORMAL MIXTO CIENCIA Y ARTE,ZONA 1 PLAYA GRANDE,58908465,LUIS ANTULIO MATEO PASCUAL,HECTOR ALFONSO BEB CAAL,DIVERSIFICADO,PRIVADO,URBANA,ABIERTA,MONOLINGUE,DOBLE,FIN DE SEMANA,QUICHɼ/td>
14-20-0130-46,14-033,QUICHE,IXCAN,CENTRO EDUCATIVO ASOCIACION DE MAESTRO DE EDUCACION RURAL DE GUATEMALA AMERG-IXCAN,"ZONA 1, PLAYA GRANDE",58747049,APOLONIO GONZALEZ,MAURICIO YAT LUC,DIVERSIFICADO,PRIVADO,URBANA,ABIERTA,BILINGUE,DOBLE,FIN DE SEMANA,QUICHɼ/td>
14-20-0134-46,14-034,QUICHE,IXCAN,INSTITUTO MIXTO DIVERSIFICADO POR COOPERATIVA WATAN,COMUNIDAD VICTORIA 20 DE ENERO,46973821,ANTONIO CALIXTO IXCOTAYAC LUX,LUZ PEREZ PAIZ,DIVERSIFICADO,COOPERATIVA,RURAL,ABIERTA,BILINGUE,VESPERTINA,DIARIO(REGULAR),QUICHɼ/td>
14-20-0135-46,14-034,QUICHE,IXCAN,COLEGIO PRE UNIVERSITARIO INTERCULTURAL -COTPI-,ALDEA LOS NGELES,48463453,ANTONIO CALIXTO IXCOTAYAC LUX,MAUDILIO HIGINIO PASCUAL FRANCISCO,DIVERSIFICADO,PRIVADO,RURAL,ABIERTA,MONOLINGUE,MATUTINA,DIARIO(REGULAR),QUICHɼ/td>
14-20-0140-46,14-052,QUICHE,IXCAN,INSTITUTO MIXTO DIVERSIFICADO POR COOPERATIVA,COMUNIDAD PRIMAVERA DEL IXCN,45919796,AMBROCIO PASTOR CAAL,GENARO FABIAN GREGORIO,DIVERSIFICADO,COOPERATIVA,RURAL,ABIERTA,MONOLINGUE,VESPERTINA,DIARIO(REGULAR),QUICHɼ/td>
14-20-0141-46,14-052,QUICHE,IXCAN,COLEGIO MIXTO OXLAJU B AQTUN,ALDEA COLONIA VISTA HERMOSA,57891607,AMBROCIO PASTOR CAAL,MOISES QUIX COC,DIVERSIFICADO,PRIVADO,RURAL,ABIERTA,BILINGUE,VESPERTINA,DIARIO(REGULAR),QUICHɼ/td>
14-20-0142-46,14-033,QUICHE,IXCAN,"INSTITUTO TɃNICO DIVERSIFICADO ASOCIATIVA ""AJ YICHKAN""","ZONA 1, PLAYA GRANDE",77557775,APOLONIO GONZALEZ,MARCOS PEREZ GӍEZ,DIVERSIFICADO,PRIVADO,URBANA,ABIERTA,MONOLINGUE,DOBLE,DIARIO(REGULAR),QUICHɼ/td>
14-20-0143-46,14-033,QUICHE,IXCAN,LICEO TECNOLӇICO DOCTOR JUAN JOSɠARɖALO BERMEJO,2A. AV. Y 3A. CALLE ZONA 1,46613387,APOLONIO GONZALEZ,NELSON ALFONSO CHOC SAM,DIVERSIFICADO,PRIVADO,URBANA,ABIERTA,MONOLINGUE,MATUTINA,DIARIO(REGULAR),QUICHɼ/td>
14-20-0145-46,14-034,QUICHE,IXCAN,COLEGIO DIVERSIFICADO MAYALAND,ALDEA MAYALN,40909816,ANTONIO CALIXTO IXCOTAYAC LUX,CAMILO RAM͒EZ MAT́S,DIVERSIFICADO,PRIVADO,RURAL,ABIERTA,MONOLINGUE,VESPERTINA,DIARIO(REGULAR),QUICHɼ/td>
14-20-0147-46,14-034,QUICHE,IXCAN,ESCUELA NORMAL BILING܅ INTERCULTURAL MAYAB TIJOBAL OXLAJUJ TZʹ,PARCELAMIENTO XALBAL,48617091,ANTONIO CALIXTO IXCOTAYAC LUX,PASCUAL JUAN RAM͒EZ,DIVERSIFICADO,OFICIAL,RURAL,ABIERTA,BILINGUE,MATUTINA,DIARIO(REGULAR),QUICHɼ/td>
14-20-0148-46,14-032,QUICHE,IXCAN,COLEGIO MIXTO OXLAJUJ BAQTUN,ALDEA EL PRADO,57891607,LUCAS IQUI CAHUEC,ELSA HERLINDA ESQUIVEL VSQUEZ,DIVERSIFICADO,PRIVADO,RURAL,ABIERTA,BILINGUE,VESPERTINA,DIARIO(REGULAR),QUICHɼ/td>
14-20-0150-46,14-051,QUICHE,IXCAN,COLEGIO AMERICANO MAYA QUICHE,LOTE 08 COLONIA BUENA VISTA ENTRADA A SAN FRANCISCO,77557616,LUIS ANTULIO MATEO PASCUAL,MAYLING PATRICIA PINEDA URIZAR DE ARGUETA,DIVERSIFICADO,PRIVADO,URBANA,ABIERTA,MONOLINGUE,DOBLE,FIN DE SEMANA,QUICHɼ/td>
14-20-0152-46,14-051,QUICHE,IXCAN,INSTITUTO NORMAL MIXTO CIENCIA Y ARTE,ZONA 1 PLAYA GRANDE,30881719,LUIS ANTULIO MATEO PASCUAL,LUCIANO CAAL YAT,DIVERSIFICADO,PRIVADO,URBANA,ABIERTA,MONOLINGUE,DOBLE,FIN DE SEMANA,QUICHɼ/td>
14-20-0153-46,14-034,QUICHE,IXCAN,"COLEGIO EVANGɌICO MIXTO ""EL EDɎ""",ALDEA VALLE DE CANDELARIA NO. 1,59078151,ANTONIO CALIXTO IXCOTAYAC LUX,RUBILINA LEIVA MAZARIEGOS,DIVERSIFICADO,PRIVADO,RURAL,ABIERTA,MONOLINGUE,VESPERTINA,DIARIO(REGULAR),QUICHɼ/td>
14-20-0154-46,14-033,QUICHE,IXCAN,"""LICEO TECNOLӇICO DOCTOR JUAN JOSɠARɖALO BERMEJO""","2A. AVENIDA Y 3RA. CALLE, ZONA 1",46613387,APOLONIO GONZALEZ,NELSON ALFONSO CHOC SAM,DIVERSIFICADO,PRIVADO,URBANA,CERRADA TEMPORALMENTE,MONOLINGUE,DOBLE,FIN DE SEMANA,QUICHɼ/td>
14-20-0156-46,14-033,QUICHE,IXCAN,INSTITUTO TɃNICO DIVERSIFICADO ASOCIATIVA AJ YICHKAN,ZONA 1 PLAYA GRANDE,30340666,APOLONIO GONZALEZ,MARCOS GӍEZ PɒEZ,DIVERSIFICADO,PRIVADO,URBANA,ABIERTA,MONOLINGUE,VESPERTINA,DIARIO(REGULAR),QUICHɼ/td>
14-20-0157-46,14-032,QUICHE,IXCAN,"COLEGIO MIXTO ""JOSɠMAŔ""",ALDEA LAS ROSAS,30938392,LUCAS IQUI CAHUEC,JERONIMO COC JUAREZ,DIVERSIFICADO,PRIVADO,RURAL,ABIERTA,MONOLINGUE,DOBLE,FIN DE SEMANA,QUICHɼ/td>
14-20-0158-46,14-034,QUICHE,IXCAN,COLEGIO MIXTO OXLAJU B'AQTUN,ALDEA CUARTO PUEBLO,57891607,ANTONIO CALIXTO IXCOTAYAC LUX,HERMEGILDO MATIAS BAUTISTA,DIVERSIFICADO,PRIVADO,RURAL,ABIERTA,BILINGUE,VESPERTINA,DIARIO(REGULAR),QUICHɼ/td>
14-20-0161-46,14-032,QUICHE,IXCAN,LICEO MIXTO DEL NORTE,ALDEA LAS ROSAS,30938392,LUCAS IQUI CAHUEC,JERONIMO COC JUAREZ,DIVERSIFICADO,PRIVADO,RURAL,ABIERTA,MONOLINGUE,VESPERTINA,DIARIO(REGULAR),QUICHɼ/td>
14-20-0162-46,14-034,QUICHE,IXCAN,INSTITUTO DIVERSIFICADO MAYA PADRE GUILLERMO WOODS,PARCELAMIENTO PUEBLO NUEVO,30007257,ANTONIO CALIXTO IXCOTAYAC LUX,SIXTO LUCAS LӐEZ,DIVERSIFICADO,PRIVADO,RURAL,ABIERTA,MONOLINGUE,VESPERTINA,DIARIO(REGULAR),QUICHɼ/td>
14-20-5058-46,14-036,QUICHE,IXCAN,COLEGIO AMERICANO MAYA QUICHE,PLAYA GRANDE IXCAN,52053380,GONZALO VENTURA LUX,---,DIVERSIFICADO,PRIVADO,URBANA,CERRADA TEMPORALMENTE,MONOLINGUE,MATUTINA,DIARIO(REGULAR),QUICHɼ/td>
14-20-5525-46,14-051,QUICHE,IXCAN,COLEGIO AMERICANO MAYA QUICHE,ZONA 1 PLAYA GRANDE,77557616,LUIS ANTULIO MATEO PASCUAL,,DIVERSIFICADO,PRIVADO,URBANA,ABIERTA,MONOLINGUE,VESPERTINA,DIARIO(REGULAR),QUICHɼ/td>
14-20-5526-46,14-051,QUICHE,IXCAN,COLEGIO AMERICANO MAYA QUICHE,ZONA 1 PLAYA GRANDE,77557616,LUIS ANTULIO MATEO PASCUAL,,DIVERSIFICADO,PRIVADO,URBANA,ABIERTA,MONOLINGUE,DOBLE,FIN DE SEMANA,QUICHɼ/td>
14-20-5530-46,14-034,QUICHE,IXCAN,INSTITUTO DIVERSIFICADO MAYA PADRE GUILLERMO WOODS,PARCELAMIENTO PUEBLO NUEVO,30007257,ANTONIO CALIXTO IXCOTAYAC LUX,,DIVERSIFICADO,PRIVADO,RURAL,ABIERTA,BILINGUE,DOBLE,DIARIO(REGULAR),QUICHɼ/td>
14-20-5707-46,14-051,QUICHE,IXCAN,INSTITUTO NORMAL MIXTO CIENCIA Y ARTE,ZONA 1 PLAYA GRANDE,58908465,LUIS ANTULIO MATEO PASCUAL,LUCIANO CAAL YAT,DIVERSIFICADO,PRIVADO,URBANA,ABIERTA,BILINGUE,VESPERTINA,DIARIO(REGULAR),QUICHɼ/td>
14-20-5709-46,14-036,QUICHE,IXCAN,"INSTITUTO DE EDUCACION A DISTANCIA ""LA ESCUELA EN SU CASA""","3A. AVENIDA Y 3A. CALLE ZONA 1, EDIFICIO EL PEREGRINO",54606010,GONZALO VENTURA LUX,FRANCISCO SICAL SICAL,DIVERSIFICADO,PRIVADO,URBANA,ABIERTA,MONOLINGUE,DOBLE,FIN DE SEMANA,QUICHɼ/td>
14-20-5717-46,14-034,QUICHE,IXCAN,ESCUELA NORMAL BILINGUE INTERCULTURAL MAYAB TIJOB AL OXLAJUJ TZ I,PARCELAMIENTO XALBAL,,ANTONIO CALIXTO IXCOTAYAC LUX,,DIVERSIFICADO,OFICIAL,RURAL,ABIERTA,BILINGUE,DOBLE,DIARIO(REGULAR),QUICHɼ/td>
14-20-5813-46,14-033,QUICHE,IXCAN,INSTITUTO TECNICO DIVERSIFICADO ASOCIATIVA AJ YICHKAN,ZONA 1 PLAYA GRANDE,30340666,APOLONIO GONZALEZ,,DIVERSIFICADO,PRIVADO,URBANA,ABIERTA,BILINGUE,DOBLE,DIARIO(REGULAR),QUICHɼ/td>
14-20-5814-46,14-033,QUICHE,IXCAN,LICEO TECNOLOGICO DOCTOR JUAN JOSE AREVALO BERMEJO,2A. AVENIDA Y 3A. CALLE ZONA 1 2O. NIVEL EDIFICIO LA SELVA DE PLAYA GRANDE,46613387,APOLONIO GONZALEZ,,DIVERSIFICADO,PRIVADO,URBANA,ABIERTA,MONOLINGUE,DOBLE,FIN DE SEMANA,QUICHɼ/td>
14-20-5872-46,14-051,QUICHE,IXCAN,LICEO AMERICANO MUNDO MAYA,ZONA 1 PLAYA GRANDE,77557616,LUIS ANTULIO MATEO PASCUAL,,DIVERSIFICADO,PRIVADO,URBANA,ABIERTA,MONOLINGUE,VESPERTINA,DIARIO(REGULAR),QUICHɼ/td>
14-20-5873-46,14-051,QUICHE,IXCAN,LICEO AMERICANO MUNDO MAYA,ZONA 1 PLAYA GRANDE,77557616,LUIS ANTULIO MATEO PASCUAL,,DIVERSIFICADO,PRIVADO,URBANA,ABIERTA,MONOLINGUE,DOBLE,FIN DE SEMANA,QUICHɼ/td>
14-20-5876-46,14-051,QUICHE,IXCAN,INSTITUTO PRIVADO MIXTO DE DIVERSIFICADO KAIBIL BALAM,PARCELAMIENTO KAIBIL BALAM,49551083,LUIS ANTULIO MATEO PASCUAL,,DIVERSIFICADO,PRIVADO,RURAL,ABIERTA,MONOLINGUE,VESPERTINA,DIARIO(REGULAR),QUICHɼ/td>
14-20-5881-46,14-051,QUICHE,IXCAN,INSTITUTO MIXTO DIVERSIFICADO POR COOPERATIVA DE ENSEсNZA,ZONA 1 PLAYA GRANDE,30408514,LUIS ANTULIO MATEO PASCUAL,HUGO ADALBERTO FERNANDEZ DELGADO,DIVERSIFICADO,COOPERATIVA,URBANA,ABIERTA,MONOLINGUE,MATUTINA,DIARIO(REGULAR),QUICHɼ/td>
14-20-5966-46,14-051,QUICHE,IXCAN,INSTITUTO NORMAL MIXTO CIENCIA Y ARTE,ZONA 1 PLAYA GRANDE,54158954,LUIS ANTULIO MATEO PASCUAL,---,DIVERSIFICADO,PRIVADO,URBANA,ABIERTA,MONOLINGUE,NOCTURNA,DIARIO(REGULAR),QUICHɼ/td>
14-21-0006-46,14-042,QUICHE,PACHALUN,INSTITUTO MIXTO DIVERSIFICADO POR COOPERATIVA DE ENSEсNZA,CABECERA MUNICIPAL,56254999,MARTA CELIA VENTURA RAMIREZ,JOSUE ESTRADA Y ESTRADA,DIVERSIFICADO,COOPERATIVA,RURAL,ABIERTA,MONOLINGUE,VESPERTINA,DIARIO(REGULAR),QUICHɼ/td>
14-21-0018-46,14-035,QUICHE,PACHALUN,LICEO DE CIENCIA Y TECNOLOGIA JOHN DALTON,"CASA 36, CALLE LAS AZALEAS, ZONA 1",40481021,RAFAEL LOPEZ SOLIZ,EVELYN JEANETH ZULETA DE LA CRUZ,DIVERSIFICADO,PRIVADO,URBANA,ABIERTA,MONOLINGUE,MATUTINA,DIARIO(REGULAR),QUICHɼ/td>
14-21-0019-46,14-035,QUICHE,PACHALUN,LICEO DE CIENCIA Y TECNOLOGIA JOHN DALTON,"CASA 36, CALLE LAS AZALEAS, ZONA 1",30836404,RAFAEL LOPEZ SOLIZ,EVELYN JEANETH ZULETA DE LA CRUZ,DIVERSIFICADO,PRIVADO,URBANA,ABIERTA,MONOLINGUE,VESPERTINA,DIARIO(REGULAR),QUICHɼ/td>
14-21-0020-46,14-035,QUICHE,PACHALUN,LICEO DE CIENCIA Y TECNOLOGIA JOHN DALTON,"CASA 36, CALLE LAS AZALEAS, ZONA 1",30836404,RAFAEL LOPEZ SOLIZ,EVELYN JEANETH ZULETA DE LA CRUZ,DIVERSIFICADO,PRIVADO,URBANA,ABIERTA,MONOLINGUE,DOBLE,DIARIO(REGULAR),QUICHɼ/td>
14-21-0021-46,14-035,QUICHE,PACHALUN,LICEO DE CIENCIA Y TECNOLOGIA JOHN DALTON,"CASA 36, CALLE LAS AZALEAS, ZONA 1",30836404,RAFAEL LOPEZ SOLIZ,EVELYN JEANETH ZULETA DE LA CRUZ,DIVERSIFICADO,PRIVADO,URBANA,ABIERTA,MONOLINGUE,DOBLE,FIN DE SEMANA,QUICHɼ/td>
14-21-0023-46,14-035,QUICHE,PACHALUN,"""LICEO INTERCULTURAL PACHALUMENSE""","VALLE LINDA VISTA, SALIDA A MORITAS",40895934,RAFAEL LOPEZ SOLIZ,EZEQUIEL MONTUFAR ORREGO,DIVERSIFICADO,PRIVADO,URBANA,ABIERTA,MONOLINGUE,MATUTINA,DIARIO(REGULAR),QUICHɼ/td>
14-21-0024-46,14-035,QUICHE,PACHALUN,LICEO INTERCULTURAL PACHALUMENSE,"VALLE LINDA VISTA, SALIDA A MORITAS",40895934,RAFAEL LOPEZ SOLIZ,EZEQUIEL MONTUFAR ORREGO,DIVERSIFICADO,PRIVADO,RURAL,ABIERTA,MONOLINGUE,DOBLE,FIN DE SEMANA,QUICHɼ/td>
14-21-0025-46,14-035,QUICHE,PACHALUN,"""LICEO INTERCULTURAL PACHALUMENSE""","VALLE LINDA VISTA, SALIDA A MORITAS",40895934,RAFAEL LOPEZ SOLIZ,EZEQUIEL MONTUFAR ORREGO,DIVERSIFICADO,PRIVADO,URBANA,ABIERTA,MONOLINGUE,DOBLE,FIN DE SEMANA,QUICHɼ/td>
14-21-0026-46,14-035,QUICHE,PACHALUN,INSTITUTO TECNӌOGICO PACHALUM,ZONA 2,41450108,RAFAEL LOPEZ SOLIZ,IDALMA CLEOTILDE ESTRADA Y ESTRADA,DIVERSIFICADO,PRIVADO,URBANA,ABIERTA,MONOLINGUE,MATUTINA,DIARIO(REGULAR),QUICHɼ/td>
14-21-0030-46,14-035,QUICHE,PACHALUN,INSTITUTO MUNICIPAL DE EDUCACIӎ TECNOLӇICA PACHALUM -IMET-,CASER͏ EL AGUACATE ZONA 0,41450108,RAFAEL LOPEZ SOLIZ,JOSUɠESTRADA ESTRADA,DIVERSIFICADO,PRIVADO,URBANA,ABIERTA,MONOLINGUE,DOBLE,DIARIO(REGULAR),QUICHɼ/td>
14-21-0031-46,14-035,QUICHE,PACHALUN,INSTITUTO MUNICIPAL DE EDUCACIӎ TECNOLӇICA PACHALUM -IMET-,CASER͏ EL AGUACATE ZONA 0,41450108,RAFAEL LOPEZ SOLIZ,JOSUɠESTRADA ESTRADA,DIVERSIFICADO,PRIVADO,URBANA,ABIERTA,MONOLINGUE,MATUTINA,DIARIO(REGULAR),QUICHɼ/td>
14-21-4702-46,14-036,QUICHE,PACHALUN,INSTITUTO MIXTO PRIVADO DE MAGISTERIO PRIMARIA BILINGUE,CABECERA MUNICIPAL,40895934,GONZALO VENTURA LUX,,DIVERSIFICADO,PRIVADO,RURAL,ABIERTA,BILINGUE,VESPERTINA,DIARIO(REGULAR),QUICHɼ/td>
14-21-5690-46,14-035,QUICHE,PACHALUN,INSTITUTO TECNOLOGICO DE PACHALUM,CASERIO EL AGUACATE,41450108,RAFAEL LOPEZ SOLIZ,,DIVERSIFICADO,PRIVADO,RURAL,ABIERTA,MONOLINGUE,DOBLE,DIARIO(REGULAR),QUICHɼ/td>
14-21-6000-46,14-035,QUICHE,PACHALUN,LICEO INTERCULTURAL PACHALUMENSE,AVENIDA LAS AMELIAS ZONA 4 CASA NO. C-01,40895934,RAFAEL LOPEZ SOLIZ,,DIVERSIFICADO,PRIVADO,URBANA,ABIERTA,MONOLINGUE,DOBLE,FIN DE SEMANA,QUICHɼ/td>
14-21-6029-46,14-035,QUICHE,PACHALUN,LICEO INTERCULTURAL PACHALUMENSE,CABECERA MUNICIPAL,40695934,RAFAEL LOPEZ SOLIZ,EZEQUIEL MONTUFAR ORREGO,DIVERSIFICADO,PRIVADO,URBANA,ABIERTA,MONOLINGUE,VESPERTINA,DIARIO(REGULAR),QUICHɼ/td>
,,,,,,,,,,,,,,,,
196 Establecimientos encontrados ,,,,,,,,,,,,,,,,